/home/xxm/Desktop/EMSE/dataset/models/research/object_detection/inputs.py,padding_shape,479
/home/xxm/Desktop/EMSE/dataset/models/research/object_detection/inputs.py,padding_shape,466
/home/xxm/Desktop/EMSE/dataset/models/research/object_detection/inputs.py,padding_shape,472
/home/xxm/Desktop/EMSE/dataset/models/research/object_detection/inputs.py,padding_shape,484
/home/xxm/Desktop/EMSE/dataset/models/research/object_detection/meta_architectures/context_rcnn_meta_arch_tf1_test.py,fake_feature_extractor,375
/home/xxm/Desktop/EMSE/dataset/models/research/tcn/dataset/webcam.py,ports,380
/home/xxm/Desktop/EMSE/dataset/models/research/tcn/dataset/webcam.py,cameras,380
/home/xxm/Desktop/EMSE/dataset/models/research/tcn/dataset/webcam.py,cameras,382
/home/xxm/Desktop/EMSE/dataset/models/research/tcn/dataset/webcam.py,ports,393
/home/xxm/Desktop/EMSE/dataset/models/research/tcn/dataset/webcam.py,cameras,393
/home/xxm/Desktop/EMSE/dataset/models/research/tcn/dataset/webcam.py,cameras,405
/home/xxm/Desktop/EMSE/dataset/models/research/tcn/dataset/webcam.py,cameras,403
/home/xxm/Desktop/EMSE/dataset/models/research/tcn/dataset/webcam.py,ims,403
/home/xxm/Desktop/EMSE/dataset/models/research/tcn/dataset/webcam.py,ims,404
/home/xxm/Desktop/EMSE/dataset/models/research/object_detection/models/keras_models/mobilenet_v2.py,filters,144
/home/xxm/Desktop/EMSE/dataset/models/research/object_detection/models/keras_models/mobilenet_v2.py,filters,124
/home/xxm/Desktop/EMSE/dataset/models/research/object_detection/models/keras_models/mobilenet_v2.py,filters,140
/home/xxm/Desktop/EMSE/dataset/models/research/deeplab/core/resnet_v1_beta.py,multi_grid,371
/home/xxm/Desktop/EMSE/dataset/models/research/deeplab/core/resnet_v1_beta.py,rate,371
/home/xxm/Desktop/EMSE/dataset/models/research/deeplab/core/resnet_v1_beta.py,rate,372
/home/xxm/Desktop/EMSE/dataset/models/research/deeplab/core/resnet_v1_beta.py,multi_grid,677
/home/xxm/Desktop/EMSE/dataset/models/research/deeplab/core/resnet_v1_beta.py,multi_grid,450
/home/xxm/Desktop/EMSE/dataset/models/research/deeplab/core/resnet_v1_beta.py,rate,450
/home/xxm/Desktop/EMSE/dataset/models/research/deeplab/core/resnet_v1_beta.py,rate,451
/home/xxm/Desktop/EMSE/dataset/models/research/deeplab/core/resnet_v1_beta.py,multi_grid,532
/home/xxm/Desktop/EMSE/dataset/models/research/object_detection/builders/hyperparams_builder.py,batch_norm_params,226
/home/xxm/Desktop/EMSE/dataset/models/research/object_detection/builders/hyperparams_builder.py,batch_norm_params,227
/home/xxm/Desktop/EMSE/dataset/models/research/brain_coder/single_task/ga_lib.py,cs,161
/home/xxm/Desktop/EMSE/dataset/models/research/brain_coder/single_task/ga_lib.py,pos,161
/home/xxm/Desktop/EMSE/dataset/models/research/brain_coder/single_task/ga_lib.py,pos,181
/home/xxm/Desktop/EMSE/dataset/models/research/brain_coder/single_task/ga_lib.py,cs,181
/home/xxm/Desktop/EMSE/dataset/models/research/brain_coder/single_task/ga_lib.py,pos,170
/home/xxm/Desktop/EMSE/dataset/models/research/brain_coder/single_task/ga_lib.py,cs,170
/home/xxm/Desktop/EMSE/dataset/models/research/brain_coder/single_task/ga_lib.py,pos,192
/home/xxm/Desktop/EMSE/dataset/models/research/brain_coder/single_task/ga_lib.py,cs,192
/home/xxm/Desktop/EMSE/dataset/models/research/brain_coder/single_task/ga_lib.py,pos,173
/home/xxm/Desktop/EMSE/dataset/models/research/brain_coder/single_task/ga_lib.py,cs,173
/home/xxm/Desktop/EMSE/dataset/models/research/brain_coder/single_task/ga_lib.py,pos,166
/home/xxm/Desktop/EMSE/dataset/models/research/brain_coder/single_task/ga_lib.py,pos,178
/home/xxm/Desktop/EMSE/dataset/models/research/brain_coder/single_task/ga_lib.py,cs,178
/home/xxm/Desktop/EMSE/dataset/models/research/brain_coder/single_task/ga_lib.py,cs,192
/home/xxm/Desktop/EMSE/dataset/models/research/brain_coder/single_task/ga_lib.py,cs,181
/home/xxm/Desktop/EMSE/dataset/models/research/brain_coder/single_task/ga_lib.py,cs,178
/home/xxm/Desktop/EMSE/dataset/models/research/brain_coder/single_task/ga_lib.py,cs,173
/home/xxm/Desktop/EMSE/dataset/models/research/brain_coder/single_task/ga_lib.py,cs,193
/home/xxm/Desktop/EMSE/dataset/models/research/brain_coder/single_task/ga_lib.py,cs,166
/home/xxm/Desktop/EMSE/dataset/models/research/brain_coder/single_task/ga_lib.py,cs,195
/home/xxm/Desktop/EMSE/dataset/models/research/brain_coder/single_task/ga_lib.py,cs,189
/home/xxm/Desktop/EMSE/dataset/models/research/brain_coder/single_task/ga_lib.py,cs,186
/home/xxm/Desktop/EMSE/dataset/models/research/brain_coder/single_task/ga_lib.py,cs,170
/home/xxm/Desktop/EMSE/dataset/models/research/neural_gpu/data_utils.py,progs,234
/home/xxm/Desktop/EMSE/dataset/models/research/neural_gpu/data_utils.py,progs,279
/home/xxm/Desktop/EMSE/dataset/models/research/neural_gpu/data_utils.py,progs,277
/home/xxm/Desktop/EMSE/dataset/models/research/neural_gpu/data_utils.py,progs,280
/home/xxm/Desktop/EMSE/dataset/models/research/neural_gpu/data_utils.py,pidx,280
/home/xxm/Desktop/EMSE/dataset/models/research/neural_gpu/data_utils.py,pidx,287
/home/xxm/Desktop/EMSE/dataset/models/research/neural_gpu/data_utils.py,dset,287
/home/xxm/Desktop/EMSE/dataset/models/research/neural_gpu/data_utils.py,dset,297
/home/xxm/Desktop/EMSE/dataset/models/research/neural_gpu/data_utils.py,dset,291
/home/xxm/Desktop/EMSE/dataset/models/research/neural_gpu/data_utils.py,pidx,281
/home/xxm/Desktop/EMSE/dataset/models/research/neural_gpu/data_utils.py,progs,278
/home/xxm/Desktop/EMSE/dataset/models/research/neural_gpu/data_utils.py,nbr_cases,278
/home/xxm/Desktop/EMSE/dataset/models/research/neural_gpu/data_utils.py,nbr_cases,287
/home/xxm/Desktop/EMSE/dataset/models/research/neural_gpu/data_utils.py,dset,287
/home/xxm/Desktop/EMSE/dataset/models/research/neural_gpu/data_utils.py,dset,297
/home/xxm/Desktop/EMSE/dataset/models/research/neural_gpu/data_utils.py,dset,291
/home/xxm/Desktop/EMSE/dataset/models/research/neural_gpu/data_utils.py,nbr_cases,279
/home/xxm/Desktop/EMSE/dataset/models/research/neural_gpu/data_utils.py,nbr_cases,281
/home/xxm/Desktop/EMSE/dataset/models/research/neural_gpu/data_utils.py,inp,334
/home/xxm/Desktop/EMSE/dataset/models/research/neural_gpu/data_utils.py,target,334
/home/xxm/Desktop/EMSE/dataset/models/research/neural_gpu/data_utils.py,target,335
/home/xxm/Desktop/EMSE/dataset/models/research/neural_gpu/data_utils.py,inp,335
/home/xxm/Desktop/EMSE/dataset/models/research/neural_gpu/data_utils.py,progs,242
/home/xxm/Desktop/EMSE/dataset/models/research/neural_gpu/data_utils.py,pidx,242
/home/xxm/Desktop/EMSE/dataset/models/research/neural_gpu/data_utils.py,pidx,245
/home/xxm/Desktop/EMSE/dataset/models/research/neural_gpu/data_utils.py,pidx,243
/home/xxm/Desktop/EMSE/dataset/models/research/neural_gpu/data_utils.py,pidx,244
/home/xxm/Desktop/EMSE/dataset/models/research/neural_gpu/data_utils.py,progs,238
/home/xxm/Desktop/EMSE/dataset/models/research/neural_gpu/data_utils.py,nbr_cases,238
/home/xxm/Desktop/EMSE/dataset/models/research/neural_gpu/data_utils.py,nbr_cases,278
/home/xxm/Desktop/EMSE/dataset/models/research/neural_gpu/data_utils.py,nbr_cases,245
/home/xxm/Desktop/EMSE/dataset/models/research/neural_gpu/data_utils.py,progs,236
/home/xxm/Desktop/EMSE/dataset/models/research/neural_gpu/data_utils.py,prog_ios,259
/home/xxm/Desktop/EMSE/dataset/models/research/neural_gpu/data_utils.py,prog_ios,260
/home/xxm/Desktop/EMSE/dataset/models/research/neural_gpu/data_utils.py,prog_ios,254
/home/xxm/Desktop/EMSE/dataset/models/research/neural_gpu/data_utils.py,prog_ios,262
/home/xxm/Desktop/EMSE/dataset/models/research/neural_gpu/data_utils.py,s,262
/home/xxm/Desktop/EMSE/dataset/models/research/neural_gpu/data_utils.py,s,263
/home/xxm/Desktop/EMSE/dataset/models/research/neural_gpu/data_utils.py,i,263
/home/xxm/Desktop/EMSE/dataset/models/research/neural_gpu/data_utils.py,i,264
/home/xxm/Desktop/EMSE/dataset/models/research/neural_gpu/data_utils.py,i_clean,264
/home/xxm/Desktop/EMSE/dataset/models/research/neural_gpu/data_utils.py,i_clean,266
/home/xxm/Desktop/EMSE/dataset/models/research/neural_gpu/data_utils.py,inp,266
/home/xxm/Desktop/EMSE/dataset/models/research/neural_gpu/data_utils.py,inp,272
/home/xxm/Desktop/EMSE/dataset/models/research/neural_gpu/data_utils.py,inp,268
/home/xxm/Desktop/EMSE/dataset/models/research/neural_gpu/data_utils.py,inp,270
/home/xxm/Desktop/EMSE/dataset/models/research/neural_gpu/data_utils.py,inp,332
/home/xxm/Desktop/EMSE/dataset/models/research/neural_gpu/data_utils.py,inp,331
/home/xxm/Desktop/EMSE/dataset/models/research/neural_gpu/data_utils.py,target,331
/home/xxm/Desktop/EMSE/dataset/models/research/neural_gpu/data_utils.py,target,332
/home/xxm/Desktop/EMSE/dataset/models/research/neural_gpu/data_utils.py,inp,272
/home/xxm/Desktop/EMSE/dataset/models/research/neural_gpu/data_utils.py,inp,268
/home/xxm/Desktop/EMSE/dataset/models/research/neural_gpu/data_utils.py,inp,270
/home/xxm/Desktop/EMSE/dataset/models/research/neural_gpu/data_utils.py,prog_ios,239
/home/xxm/Desktop/EMSE/dataset/models/research/neural_gpu/data_utils.py,elem,364
/home/xxm/Desktop/EMSE/dataset/models/research/neural_gpu/data_utils.py,inpt,364
/home/xxm/Desktop/EMSE/dataset/models/research/neural_gpu/data_utils.py,inpt,365
/home/xxm/Desktop/EMSE/dataset/models/research/neural_gpu/data_utils.py,inp,365
/home/xxm/Desktop/EMSE/dataset/models/research/neural_gpu/data_utils.py,inp,366
/home/xxm/Desktop/EMSE/dataset/models/research/adversarial_logit_pairing/tiny_imagenet_converter/converter.py,imagenet_wnid_converter,227
/home/xxm/Desktop/EMSE/dataset/models/research/cognitive_mapping_and_planning/tfcode/nav_utils.py,x,88
/home/xxm/Desktop/EMSE/dataset/models/research/cognitive_mapping_and_planning/tfcode/nav_utils.py,x,96
/home/xxm/Desktop/EMSE/dataset/models/research/cognitive_mapping_and_planning/tfcode/nav_utils.py,d_image,96
/home/xxm/Desktop/EMSE/dataset/models/research/cognitive_mapping_and_planning/tfcode/nav_utils.py,d_image,97
/home/xxm/Desktop/EMSE/dataset/models/research/cognitive_mapping_and_planning/tfcode/nav_utils.py,x,97
/home/xxm/Desktop/EMSE/dataset/models/research/cognitive_mapping_and_planning/tfcode/nav_utils.py,x,103
/home/xxm/Desktop/EMSE/dataset/models/research/object_detection/utils/learning_schedules.py,boundaries,205
/home/xxm/Desktop/EMSE/dataset/models/research/object_detection/utils/learning_schedules.py,num_boundaries,205
/home/xxm/Desktop/EMSE/dataset/models/research/object_detection/utils/learning_schedules.py,num_boundaries,212
/home/xxm/Desktop/EMSE/dataset/models/research/object_detection/utils/learning_schedules.py,num_boundaries,211
/home/xxm/Desktop/EMSE/dataset/models/research/object_detection/utils/learning_schedules.py,num_boundaries,213
/home/xxm/Desktop/EMSE/dataset/models/research/object_detection/utils/learning_schedules.py,boundaries,210
/home/xxm/Desktop/EMSE/dataset/models/research/brain_coder/single_task/pg_train.py,rep_dir,760
/home/xxm/Desktop/EMSE/dataset/models/research/brain_coder/single_task/pg_train.py,trainer,760
/home/xxm/Desktop/EMSE/dataset/models/research/brain_coder/single_task/pg_train.py,trainer,770
/home/xxm/Desktop/EMSE/dataset/models/research/brain_coder/single_task/pg_train.py,trainer,771
/home/xxm/Desktop/EMSE/dataset/models/research/learning_to_remember_rare_events/memory.py,teacher_loss,189
/home/xxm/Desktop/EMSE/dataset/models/research/slim/nets/mobilenet_v1.py,conv_defs,246
/home/xxm/Desktop/EMSE/dataset/models/research/slim/nets/mobilenet_v1.py,i,246
/home/xxm/Desktop/EMSE/dataset/models/research/slim/nets/mobilenet_v1.py,i,247
/home/xxm/Desktop/EMSE/dataset/models/research/slim/nets/mobilenet_v1.py,end_point_base,247
/home/xxm/Desktop/EMSE/dataset/models/research/slim/nets/mobilenet_v1.py,end_point_base,289
/home/xxm/Desktop/EMSE/dataset/models/research/slim/nets/mobilenet_v1.py,end_point,289
/home/xxm/Desktop/EMSE/dataset/models/research/slim/nets/mobilenet_v1.py,end_point,296
/home/xxm/Desktop/EMSE/dataset/models/research/slim/nets/mobilenet_v1.py,end_point,293
/home/xxm/Desktop/EMSE/dataset/models/research/slim/nets/mobilenet_v1.py,end_point,295
/home/xxm/Desktop/EMSE/dataset/models/research/slim/nets/mobilenet_v1.py,end_point_base,273
/home/xxm/Desktop/EMSE/dataset/models/research/slim/nets/mobilenet_v1.py,end_point,273
/home/xxm/Desktop/EMSE/dataset/models/research/slim/nets/mobilenet_v1.py,end_point,283
/home/xxm/Desktop/EMSE/dataset/models/research/slim/nets/mobilenet_v1.py,end_point,285
/home/xxm/Desktop/EMSE/dataset/models/research/slim/nets/mobilenet_v1.py,end_point,286
/home/xxm/Desktop/EMSE/dataset/models/research/slim/nets/mobilenet_v1.py,end_point_base,262
/home/xxm/Desktop/EMSE/dataset/models/research/slim/nets/mobilenet_v1.py,end_point,262
/home/xxm/Desktop/EMSE/dataset/models/research/slim/nets/mobilenet_v1.py,end_point,268
/home/xxm/Desktop/EMSE/dataset/models/research/slim/nets/mobilenet_v1.py,end_point,267
/home/xxm/Desktop/EMSE/dataset/models/research/slim/nets/mobilenet_v1.py,end_point,269
/home/xxm/Desktop/EMSE/dataset/models/research/slim/nets/mobilenet_v1.py,i,300
/home/xxm/Desktop/EMSE/dataset/models/research/brain_coder/single_task/results_lib.py,shard_stats,155
/home/xxm/Desktop/EMSE/dataset/models/research/brain_coder/single_task/results_lib.py,shard_stats,146
/home/xxm/Desktop/EMSE/dataset/models/research/object_detection/export_inference_graph.py,input_shape,157
/home/xxm/Desktop/EMSE/dataset/models/research/object_detection/meta_architectures/faster_rcnn_meta_arch_test_lib.py,expected_proposal_boxes,911
/home/xxm/Desktop/EMSE/dataset/models/research/object_detection/meta_architectures/faster_rcnn_meta_arch_test_lib.py,expected_raw_proposal_boxes,914
/home/xxm/Desktop/EMSE/dataset/models/research/object_detection/meta_architectures/faster_rcnn_meta_arch_test_lib.py,fake_feature_extractor,390
/home/xxm/Desktop/EMSE/dataset/models/research/brain_coder/single_task/pg_agent.py,replay_log_probs,1130
/home/xxm/Desktop/EMSE/dataset/models/research/brain_coder/single_task/pg_agent.py,replay_log_probs,987
/home/xxm/Desktop/EMSE/dataset/models/research/brain_coder/single_task/pg_agent.py,combined_on_policy_log_probs,987
/home/xxm/Desktop/EMSE/dataset/models/research/brain_coder/single_task/pg_agent.py,combined_on_policy_log_probs,1017
/home/xxm/Desktop/EMSE/dataset/models/research/brain_coder/single_task/pg_agent.py,importance_weights,1017
/home/xxm/Desktop/EMSE/dataset/models/research/brain_coder/single_task/pg_agent.py,replay_log_probs,1126
/home/xxm/Desktop/EMSE/dataset/models/research/brain_coder/single_task/pg_agent.py,replay_iw,1126
/home/xxm/Desktop/EMSE/dataset/models/research/brain_coder/single_task/pg_agent.py,replay_iw,1130
/home/xxm/Desktop/EMSE/dataset/models/research/brain_coder/single_task/pg_agent.py,off_policy_targets,823
/home/xxm/Desktop/EMSE/dataset/models/research/brain_coder/single_task/pg_agent.py,new_experiences,1044
/home/xxm/Desktop/EMSE/dataset/models/research/brain_coder/single_task/pg_agent.py,new_experiences,960
/home/xxm/Desktop/EMSE/dataset/models/research/brain_coder/single_task/pg_agent.py,on_policy_adjusted_lengths,960
/home/xxm/Desktop/EMSE/dataset/models/research/brain_coder/single_task/pg_agent.py,on_policy_adjusted_lengths,981
/home/xxm/Desktop/EMSE/dataset/models/research/brain_coder/single_task/pg_agent.py,off_policy_targets,932
/home/xxm/Desktop/EMSE/dataset/models/research/brain_coder/single_task/pg_agent.py,off_policy_target_lengths,932
/home/xxm/Desktop/EMSE/dataset/models/research/brain_coder/single_task/pg_agent.py,off_policy_targets,933
/home/xxm/Desktop/EMSE/dataset/models/research/brain_coder/single_task/pg_agent.py,off_policy_targets,802
/home/xxm/Desktop/EMSE/dataset/models/research/brain_coder/single_task/pg_agent.py,off_policy_target_lengths,802
/home/xxm/Desktop/EMSE/dataset/models/research/brain_coder/single_task/pg_agent.py,off_policy_targets,803
/home/xxm/Desktop/EMSE/dataset/models/research/brain_coder/single_task/pg_agent.py,replay_policy_multipliers,979
/home/xxm/Desktop/EMSE/dataset/models/research/brain_coder/single_task/pg_agent.py,solutions,1106
/home/xxm/Desktop/EMSE/dataset/models/research/brain_coder/single_task/pg_agent.py,solution_dict,1106
/home/xxm/Desktop/EMSE/dataset/models/research/brain_coder/single_task/pg_agent.py,solution_dict,1107
/home/xxm/Desktop/EMSE/dataset/models/research/brain_coder/single_task/pg_agent.py,solutions,1104
/home/xxm/Desktop/EMSE/dataset/models/research/video_prediction/prediction_model.py,transformed,194
/home/xxm/Desktop/EMSE/dataset/models/research/video_prediction/prediction_model.py,transformed,212
/home/xxm/Desktop/EMSE/dataset/models/official/nlp/xlnet/preprocess_pretrain_data.py,num_predict_0,563
/home/xxm/Desktop/EMSE/dataset/models/official/nlp/xlnet/preprocess_pretrain_data.py,cur_sent,124
/home/xxm/Desktop/EMSE/dataset/models/official/nlp/xlnet/preprocess_pretrain_data.py,cur_sent,125
/home/xxm/Desktop/EMSE/dataset/models/research/object_detection/builders/model_builder.py,keypoint_params_dict,884
/home/xxm/Desktop/EMSE/dataset/models/research/object_detection/builders/model_builder.py,keypoint_params_dict,862
/home/xxm/Desktop/EMSE/dataset/models/research/seq2species/build_model.py,filter_dimensions,398
/home/xxm/Desktop/EMSE/dataset/models/research/deep_contextual_bandits/bandits/algorithms/variational_neural_bandit_model.py,neg_kl,157
/home/xxm/Desktop/EMSE/dataset/models/research/tcn/dataset/videos_to_tfrecords.py,num_frames,427
/home/xxm/Desktop/EMSE/dataset/models/research/tcn/dataset/videos_to_tfrecords.py,progress,427
/home/xxm/Desktop/EMSE/dataset/models/research/tcn/dataset/videos_to_tfrecords.py,progress,447
/home/xxm/Desktop/EMSE/dataset/models/research/tcn/dataset/videos_to_tfrecords.py,progress,435
/home/xxm/Desktop/EMSE/dataset/models/official/r1/transformer/translate.py,output_file,189
/home/xxm/Desktop/EMSE/dataset/models/official/r1/transformer/translate.py,output_file,191
/home/xxm/Desktop/EMSE/dataset/models/research/delf/delf/python/delg/extract_features.py,resize_factor,148
/home/xxm/Desktop/EMSE/dataset/models/research/delf/delf/python/delg/extract_features.py,extracted_features,148
/home/xxm/Desktop/EMSE/dataset/models/research/delf/delf/python/delg/extract_features.py,extracted_features,150
/home/xxm/Desktop/EMSE/dataset/models/research/delf/delf/python/delg/extract_features.py,global_descriptor,150
/home/xxm/Desktop/EMSE/dataset/models/research/delf/delf/python/delg/extract_features.py,global_descriptor,151
/home/xxm/Desktop/EMSE/dataset/models/research/delf/delf/python/delg/extract_features.py,extracted_features,153
/home/xxm/Desktop/EMSE/dataset/models/research/delf/delf/python/delg/extract_features.py,locations,153
/home/xxm/Desktop/EMSE/dataset/models/research/delf/delf/python/delg/extract_features.py,locations,157
/home/xxm/Desktop/EMSE/dataset/models/research/delf/delf/python/delg/extract_features.py,extracted_features,155
/home/xxm/Desktop/EMSE/dataset/models/research/delf/delf/python/delg/extract_features.py,feature_scales,155
/home/xxm/Desktop/EMSE/dataset/models/research/delf/delf/python/delg/extract_features.py,feature_scales,158
/home/xxm/Desktop/EMSE/dataset/models/research/delf/delf/python/delg/extract_features.py,extracted_features,154
/home/xxm/Desktop/EMSE/dataset/models/research/delf/delf/python/delg/extract_features.py,descriptors,154
/home/xxm/Desktop/EMSE/dataset/models/research/delf/delf/python/delg/extract_features.py,descriptors,158
/home/xxm/Desktop/EMSE/dataset/models/research/delf/delf/python/delg/extract_features.py,extracted_features,156
/home/xxm/Desktop/EMSE/dataset/models/research/delf/delf/python/delg/extract_features.py,attention,156
/home/xxm/Desktop/EMSE/dataset/models/research/delf/delf/python/delg/extract_features.py,attention,158
/home/xxm/Desktop/EMSE/dataset/models/research/lm_1b/lm_1b_eval.py,samples,189
/home/xxm/Desktop/EMSE/dataset/models/research/lm_1b/lm_1b_eval.py,samples,206
/home/xxm/Desktop/EMSE/dataset/models/research/lm_1b/lm_1b_eval.py,samples,191
/home/xxm/Desktop/EMSE/dataset/models/research/lm_1b/lm_1b_eval.py,samples,209
/home/xxm/Desktop/EMSE/dataset/models/research/real_nvp/real_nvp_utils.py,reuse,319
/home/xxm/Desktop/EMSE/dataset/models/official/benchmark/benchmark_wrappers.py,flag_value,86
/home/xxm/Desktop/EMSE/dataset/models/official/benchmark/benchmark_wrappers.py,flag_value,87
/home/xxm/Desktop/EMSE/dataset/models/official/nlp/data/create_pretraining_data.py,masked_token,421
/home/xxm/Desktop/EMSE/dataset/models/research/efficient-hrl/environments/maze_env.py,y2,346
/home/xxm/Desktop/EMSE/dataset/models/research/efficient-hrl/environments/maze_env.py,y2,348
/home/xxm/Desktop/EMSE/dataset/models/research/efficient-hrl/environments/maze_env.py,y2,347
/home/xxm/Desktop/EMSE/dataset/models/research/efficient-hrl/environments/maze_env.py,x1,348
/home/xxm/Desktop/EMSE/dataset/models/research/efficient-hrl/environments/maze_env.py,x1,345
/home/xxm/Desktop/EMSE/dataset/models/research/efficient-hrl/environments/maze_env.py,x1,347
/home/xxm/Desktop/EMSE/dataset/models/research/efficient-hrl/environments/maze_env.py,y2,368
/home/xxm/Desktop/EMSE/dataset/models/research/efficient-hrl/environments/maze_env.py,y2,367
/home/xxm/Desktop/EMSE/dataset/models/research/efficient-hrl/environments/maze_env.py,y2,369
/home/xxm/Desktop/EMSE/dataset/models/research/efficient-hrl/environments/maze_env.py,struct_segments,371
/home/xxm/Desktop/EMSE/dataset/models/research/efficient-hrl/environments/maze_env.py,seg,371
/home/xxm/Desktop/EMSE/dataset/models/research/efficient-hrl/environments/maze_env.py,seg,373
/home/xxm/Desktop/EMSE/dataset/models/research/efficient-hrl/environments/maze_env.py,struct_segments,350
/home/xxm/Desktop/EMSE/dataset/models/research/efficient-hrl/environments/maze_env.py,seg,350
/home/xxm/Desktop/EMSE/dataset/models/research/efficient-hrl/environments/maze_env.py,seg,352
/home/xxm/Desktop/EMSE/dataset/models/research/efficient-hrl/environments/maze_env.py,y1,346
/home/xxm/Desktop/EMSE/dataset/models/research/efficient-hrl/environments/maze_env.py,y1,348
/home/xxm/Desktop/EMSE/dataset/models/research/efficient-hrl/environments/maze_env.py,y1,345
/home/xxm/Desktop/EMSE/dataset/models/research/efficient-hrl/environments/maze_env.py,y1,367
/home/xxm/Desktop/EMSE/dataset/models/research/efficient-hrl/environments/maze_env.py,y1,366
/home/xxm/Desktop/EMSE/dataset/models/research/efficient-hrl/environments/maze_env.py,y1,369
/home/xxm/Desktop/EMSE/dataset/models/research/efficient-hrl/environments/maze_env.py,x1,368
/home/xxm/Desktop/EMSE/dataset/models/research/efficient-hrl/environments/maze_env.py,x1,369
/home/xxm/Desktop/EMSE/dataset/models/research/efficient-hrl/environments/maze_env.py,x1,366
/home/xxm/Desktop/EMSE/dataset/models/research/efficient-hrl/environments/maze_env.py,x2,345
/home/xxm/Desktop/EMSE/dataset/models/research/efficient-hrl/environments/maze_env.py,x2,347
/home/xxm/Desktop/EMSE/dataset/models/research/efficient-hrl/environments/maze_env.py,x2,346
/home/xxm/Desktop/EMSE/dataset/models/research/efficient-hrl/environments/maze_env.py,x2,367
/home/xxm/Desktop/EMSE/dataset/models/research/efficient-hrl/environments/maze_env.py,x2,366
/home/xxm/Desktop/EMSE/dataset/models/research/efficient-hrl/environments/maze_env.py,x2,368
/home/xxm/Desktop/EMSE/dataset/models/official/vision/detection/utils/object_detection/preprocessor.py,scope,107
/home/xxm/Desktop/EMSE/dataset/models/research/object_detection/utils/config_util.py,key_name,681
/home/xxm/Desktop/EMSE/dataset/models/research/object_detection/utils/config_util.py,input_name,681
/home/xxm/Desktop/EMSE/dataset/models/research/object_detection/utils/config_util.py,field_name,681
/home/xxm/Desktop/EMSE/dataset/models/official/nlp/xlnet/preprocess_utils.py,s,56
/home/xxm/Desktop/EMSE/dataset/models/official/nlp/xlnet/preprocess_utils.py,s,57
/home/xxm/Desktop/EMSE/dataset/models/research/autoaugment/shake_drop.py,x,94
/home/xxm/Desktop/EMSE/dataset/models/research/feelvos/model.py,scaled_crop_size,385
/home/xxm/Desktop/EMSE/dataset/models/research/feelvos/model.py,scaled_crop_size,387
/home/xxm/Desktop/EMSE/dataset/models/research/feelvos/model.py,image_pyramid,447
/home/xxm/Desktop/EMSE/dataset/models/research/feelvos/model.py,image_pyramid,368
/home/xxm/Desktop/EMSE/dataset/models/research/feelvos/model.py,image_pyramid,371
/home/xxm/Desktop/EMSE/dataset/models/research/feelvos/model.py,embeddings,245
/home/xxm/Desktop/EMSE/dataset/models/research/feelvos/model.py,embeddings,234
/home/xxm/Desktop/EMSE/dataset/models/research/feelvos/model.py,embeddings,231
/home/xxm/Desktop/EMSE/dataset/models/research/struct2depth/inference.py,im,251
/home/xxm/Desktop/EMSE/dataset/models/research/struct2depth/inference.py,current_sequence_dir,239
/home/xxm/Desktop/EMSE/dataset/models/research/struct2depth/inference.py,im_files,354
/home/xxm/Desktop/EMSE/dataset/models/research/struct2depth/inference.py,im,289
/home/xxm/Desktop/EMSE/dataset/models/research/struct2depth/inference.py,im,290
/home/xxm/Desktop/EMSE/dataset/models/research/struct2depth/inference.py,im_files,355
/home/xxm/Desktop/EMSE/dataset/models/research/struct2depth/inference.py,im,194
/home/xxm/Desktop/EMSE/dataset/models/research/struct2depth/inference.py,input_image_seq,266
/home/xxm/Desktop/EMSE/dataset/models/research/struct2depth/inference.py,input_image_seq,265
/home/xxm/Desktop/EMSE/dataset/models/research/struct2depth/inference.py,input_image_seq,263
/home/xxm/Desktop/EMSE/dataset/models/research/struct2depth/inference.py,input_image_seq,270
/home/xxm/Desktop/EMSE/dataset/models/research/struct2depth/inference.py,input_image_stack,270
/home/xxm/Desktop/EMSE/dataset/models/research/struct2depth/inference.py,input_image_stack,271
/home/xxm/Desktop/EMSE/dataset/models/research/struct2depth/inference.py,input_image_seq,251
/home/xxm/Desktop/EMSE/dataset/models/research/struct2depth/inference.py,im,196
/home/xxm/Desktop/EMSE/dataset/models/research/struct2depth/inference.py,im,197
/home/xxm/Desktop/EMSE/dataset/models/research/struct2depth/inference.py,input_seg_seq,268
/home/xxm/Desktop/EMSE/dataset/models/research/struct2depth/inference.py,input_seg_seq,274
/home/xxm/Desktop/EMSE/dataset/models/research/struct2depth/inference.py,input_seg_seq,259
/home/xxm/Desktop/EMSE/dataset/models/research/struct2depth/inference.py,input_seg_seq,305
/home/xxm/Desktop/EMSE/dataset/models/research/struct2depth/inference.py,im_batch,202
/home/xxm/Desktop/EMSE/dataset/models/research/struct2depth/inference.py,im_batch,204
/home/xxm/Desktop/EMSE/dataset/models/research/struct2depth/inference.py,im_batch,197
/home/xxm/Desktop/EMSE/dataset/models/research/struct2depth/inference.py,im_batch,201
/home/xxm/Desktop/EMSE/dataset/models/research/struct2depth/inference.py,_,201
/home/xxm/Desktop/EMSE/dataset/models/research/struct2depth/inference.py,im_batch,199
/home/xxm/Desktop/EMSE/dataset/models/research/object_detection/utils/visualization_utils.py,keypoints_x,884
/home/xxm/Desktop/EMSE/dataset/models/research/object_detection/utils/visualization_utils.py,keypoints_x,897
/home/xxm/Desktop/EMSE/dataset/models/research/object_detection/utils/visualization_utils.py,keypoints_x,898
/home/xxm/Desktop/EMSE/dataset/models/research/real_nvp/real_nvp_multiscale_dataset.py,res,829
/home/xxm/Desktop/EMSE/dataset/models/research/real_nvp/real_nvp_multiscale_dataset.py,log_diff,740
/home/xxm/Desktop/EMSE/dataset/models/research/real_nvp/real_nvp_multiscale_dataset.py,log_diff_2,740
/home/xxm/Desktop/EMSE/dataset/models/research/real_nvp/real_nvp_multiscale_dataset.py,log_diff_2,750
/home/xxm/Desktop/EMSE/dataset/models/research/real_nvp/real_nvp_multiscale_dataset.py,log_diff,750
/home/xxm/Desktop/EMSE/dataset/models/research/real_nvp/real_nvp_multiscale_dataset.py,log_diff,752
/home/xxm/Desktop/EMSE/dataset/models/research/real_nvp/real_nvp_multiscale_dataset.py,log_diff,739
/home/xxm/Desktop/EMSE/dataset/models/research/real_nvp/real_nvp_multiscale_dataset.py,log_diff_1,739
/home/xxm/Desktop/EMSE/dataset/models/research/real_nvp/real_nvp_multiscale_dataset.py,log_diff_1,749
/home/xxm/Desktop/EMSE/dataset/models/research/real_nvp/real_nvp_multiscale_dataset.py,log_diff,743
/home/xxm/Desktop/EMSE/dataset/models/research/real_nvp/real_nvp_multiscale_dataset.py,log_diff_1,743
/home/xxm/Desktop/EMSE/dataset/models/research/real_nvp/real_nvp_multiscale_dataset.py,res,163
/home/xxm/Desktop/EMSE/dataset/models/research/real_nvp/real_nvp_multiscale_dataset.py,res,254
/home/xxm/Desktop/EMSE/dataset/models/research/real_nvp/real_nvp_multiscale_dataset.py,res,252
/home/xxm/Desktop/EMSE/dataset/models/research/real_nvp/real_nvp_multiscale_dataset.py,log_diff,801
/home/xxm/Desktop/EMSE/dataset/models/research/real_nvp/real_nvp_multiscale_dataset.py,log_diff_1,801
/home/xxm/Desktop/EMSE/dataset/models/research/real_nvp/real_nvp_multiscale_dataset.py,log_diff,802
/home/xxm/Desktop/EMSE/dataset/models/research/real_nvp/real_nvp_multiscale_dataset.py,log_diff_2,802
/home/xxm/Desktop/EMSE/dataset/models/research/real_nvp/real_nvp_multiscale_dataset.py,log_diff,805
/home/xxm/Desktop/EMSE/dataset/models/research/real_nvp/real_nvp_multiscale_dataset.py,log_diff_1,805
/home/xxm/Desktop/EMSE/dataset/models/research/real_nvp/real_nvp_multiscale_dataset.py,concatenation,1214
/home/xxm/Desktop/EMSE/dataset/models/research/real_nvp/real_nvp_multiscale_dataset.py,res,757
/home/xxm/Desktop/EMSE/dataset/models/research/real_nvp/real_nvp_multiscale_dataset.py,compressed_images,1359
/home/xxm/Desktop/EMSE/dataset/models/research/real_nvp/real_nvp_multiscale_dataset.py,sample,1170
/home/xxm/Desktop/EMSE/dataset/models/research/real_nvp/real_nvp_multiscale_dataset.py,log_diff,836
/home/xxm/Desktop/EMSE/dataset/models/research/real_nvp/real_nvp_multiscale_dataset.py,res,264
/home/xxm/Desktop/EMSE/dataset/models/research/real_nvp/real_nvp_multiscale_dataset.py,res,433
/home/xxm/Desktop/EMSE/dataset/models/research/real_nvp/real_nvp_multiscale_dataset.py,res,222
/home/xxm/Desktop/EMSE/dataset/models/research/real_nvp/real_nvp_multiscale_dataset.py,res,826
/home/xxm/Desktop/EMSE/dataset/models/research/real_nvp/real_nvp_multiscale_dataset.py,extra_large,1417
/home/xxm/Desktop/EMSE/dataset/models/research/real_nvp/real_nvp_multiscale_dataset.py,log_diff,712
/home/xxm/Desktop/EMSE/dataset/models/research/real_nvp/real_nvp_multiscale_dataset.py,z_lost,1311
/home/xxm/Desktop/EMSE/dataset/models/research/real_nvp/real_nvp_multiscale_dataset.py,res,326
/home/xxm/Desktop/EMSE/dataset/models/research/real_nvp/real_nvp_multiscale_dataset.py,res,282
/home/xxm/Desktop/EMSE/dataset/models/research/real_nvp/real_nvp_multiscale_dataset.py,res,232
/home/xxm/Desktop/EMSE/dataset/models/research/real_nvp/real_nvp_multiscale_dataset.py,res,284
/home/xxm/Desktop/EMSE/dataset/models/research/real_nvp/real_nvp_multiscale_dataset.py,log_diff,827
/home/xxm/Desktop/EMSE/dataset/models/research/real_nvp/real_nvp_multiscale_dataset.py,res,754
/home/xxm/Desktop/EMSE/dataset/models/research/real_nvp/real_nvp_multiscale_dataset.py,res,734
/home/xxm/Desktop/EMSE/dataset/models/research/real_nvp/real_nvp_multiscale_dataset.py,res,154
/home/xxm/Desktop/EMSE/dataset/models/research/real_nvp/real_nvp_multiscale_dataset.py,res,151
/home/xxm/Desktop/EMSE/dataset/models/research/real_nvp/real_nvp_multiscale_dataset.py,sample,1176
/home/xxm/Desktop/EMSE/dataset/models/research/real_nvp/real_nvp_multiscale_dataset.py,res,872
/home/xxm/Desktop/EMSE/dataset/models/research/real_nvp/real_nvp_multiscale_dataset.py,manifold,1273
/home/xxm/Desktop/EMSE/dataset/models/research/real_nvp/real_nvp_multiscale_dataset.py,res,291
/home/xxm/Desktop/EMSE/dataset/models/research/real_nvp/real_nvp_multiscale_dataset.py,res,742
/home/xxm/Desktop/EMSE/dataset/models/research/real_nvp/real_nvp_multiscale_dataset.py,res_1,742
/home/xxm/Desktop/EMSE/dataset/models/research/real_nvp/real_nvp_multiscale_dataset.py,res,738
/home/xxm/Desktop/EMSE/dataset/models/research/real_nvp/real_nvp_multiscale_dataset.py,res_2,738
/home/xxm/Desktop/EMSE/dataset/models/research/real_nvp/real_nvp_multiscale_dataset.py,res_2,748
/home/xxm/Desktop/EMSE/dataset/models/research/real_nvp/real_nvp_multiscale_dataset.py,res,748
/home/xxm/Desktop/EMSE/dataset/models/research/real_nvp/real_nvp_multiscale_dataset.py,res,751
/home/xxm/Desktop/EMSE/dataset/models/research/real_nvp/real_nvp_multiscale_dataset.py,res,737
/home/xxm/Desktop/EMSE/dataset/models/research/real_nvp/real_nvp_multiscale_dataset.py,res_1,737
/home/xxm/Desktop/EMSE/dataset/models/research/real_nvp/real_nvp_multiscale_dataset.py,res_1,745
/home/xxm/Desktop/EMSE/dataset/models/research/real_nvp/real_nvp_multiscale_dataset.py,res,800
/home/xxm/Desktop/EMSE/dataset/models/research/real_nvp/real_nvp_multiscale_dataset.py,res_2,800
/home/xxm/Desktop/EMSE/dataset/models/research/real_nvp/real_nvp_multiscale_dataset.py,res,804
/home/xxm/Desktop/EMSE/dataset/models/research/real_nvp/real_nvp_multiscale_dataset.py,res_1,804
/home/xxm/Desktop/EMSE/dataset/models/research/real_nvp/real_nvp_multiscale_dataset.py,res_1,807
/home/xxm/Desktop/EMSE/dataset/models/research/real_nvp/real_nvp_multiscale_dataset.py,res,799
/home/xxm/Desktop/EMSE/dataset/models/research/real_nvp/real_nvp_multiscale_dataset.py,res_1,799
/home/xxm/Desktop/EMSE/dataset/models/research/real_nvp/real_nvp_multiscale_dataset.py,res,359
/home/xxm/Desktop/EMSE/dataset/models/research/real_nvp/real_nvp_multiscale_dataset.py,noisy_images,1341
/home/xxm/Desktop/EMSE/dataset/models/research/real_nvp/real_nvp_multiscale_dataset.py,big_sample,1381
/home/xxm/Desktop/EMSE/dataset/models/research/real_nvp/real_nvp_multiscale_dataset.py,res,188
/home/xxm/Desktop/EMSE/dataset/models/research/real_nvp/real_nvp_multiscale_dataset.py,res,775
/home/xxm/Desktop/EMSE/dataset/models/research/real_nvp/real_nvp_multiscale_dataset.py,res,266
/home/xxm/Desktop/EMSE/dataset/models/research/real_nvp/real_nvp_multiscale_dataset.py,big_sample,1388
/home/xxm/Desktop/EMSE/dataset/models/research/real_nvp/real_nvp_multiscale_dataset.py,res,444
/home/xxm/Desktop/EMSE/dataset/models/research/real_nvp/real_nvp_multiscale_dataset.py,res,165
/home/xxm/Desktop/EMSE/dataset/models/research/real_nvp/real_nvp_multiscale_dataset.py,res,208
/home/xxm/Desktop/EMSE/dataset/models/research/real_nvp/real_nvp_multiscale_dataset.py,res,216
/home/xxm/Desktop/EMSE/dataset/models/research/real_nvp/real_nvp_multiscale_dataset.py,res,819
/home/xxm/Desktop/EMSE/dataset/models/research/real_nvp/real_nvp_multiscale_dataset.py,res,141
/home/xxm/Desktop/EMSE/dataset/models/research/real_nvp/real_nvp_multiscale_dataset.py,res,705
/home/xxm/Desktop/EMSE/dataset/models/research/real_nvp/real_nvp_multiscale_dataset.py,extra_large,1409
/home/xxm/Desktop/EMSE/dataset/models/research/real_nvp/real_nvp_multiscale_dataset.py,log_diff,735
/home/xxm/Desktop/EMSE/dataset/models/research/real_nvp/real_nvp_multiscale_dataset.py,log_diff,755
/home/xxm/Desktop/EMSE/dataset/models/research/real_nvp/real_nvp_multiscale_dataset.py,res,182
/home/xxm/Desktop/EMSE/dataset/models/research/real_nvp/real_nvp_multiscale_dataset.py,res,180
/home/xxm/Desktop/EMSE/dataset/models/research/real_nvp/real_nvp_multiscale_dataset.py,res,234
/home/xxm/Desktop/EMSE/dataset/models/official/recommendation/data_pipeline.py,data,759
/home/xxm/Desktop/EMSE/dataset/models/official/recommendation/data_pipeline.py,dataset,759
/home/xxm/Desktop/EMSE/dataset/models/official/recommendation/data_pipeline.py,dataset,761
/home/xxm/Desktop/EMSE/dataset/models/official/recommendation/data_pipeline.py,shapes,310
/home/xxm/Desktop/EMSE/dataset/models/official/recommendation/data_pipeline.py,shapes,313
/home/xxm/Desktop/EMSE/dataset/models/official/recommendation/data_pipeline.py,shapes,317
/home/xxm/Desktop/EMSE/dataset/models/official/recommendation/data_pipeline.py,shapes,323
/home/xxm/Desktop/EMSE/dataset/models/official/recommendation/data_pipeline.py,types,322
/home/xxm/Desktop/EMSE/dataset/models/official/recommendation/data_pipeline.py,types,312
/home/xxm/Desktop/EMSE/dataset/models/official/recommendation/data_pipeline.py,types,309
/home/xxm/Desktop/EMSE/dataset/models/official/recommendation/data_pipeline.py,types,316
/home/xxm/Desktop/EMSE/dataset/models/research/object_detection/eval_util.py,category_keypoints,1016
/home/xxm/Desktop/EMSE/dataset/models/research/object_detection/eval_util.py,losses_dict,340
/home/xxm/Desktop/EMSE/dataset/models/research/object_detection/eval_util.py,losses_dict,351
/home/xxm/Desktop/EMSE/dataset/models/research/object_detection/eval_util.py,losses_dict,343
/home/xxm/Desktop/EMSE/dataset/models/official/nlp/modeling/layers/attention.py,output_shape,319
/home/xxm/Desktop/EMSE/dataset/models/official/nlp/modeling/layers/attention.py,output_shape,316
/home/xxm/Desktop/EMSE/dataset/models/research/next_frame_prediction/cross_conv/sprites_gen.py,examples,84
/home/xxm/Desktop/EMSE/dataset/models/research/maskgan/train_mask_gan.py,raw_data,1084
/home/xxm/Desktop/EMSE/dataset/models/research/maskgan/train_mask_gan.py,train_data,1084
/home/xxm/Desktop/EMSE/dataset/models/research/maskgan/train_mask_gan.py,data_set,1159
/home/xxm/Desktop/EMSE/dataset/models/research/maskgan/train_mask_gan.py,data_set,1152
/home/xxm/Desktop/EMSE/dataset/models/research/maskgan/train_mask_gan.py,data_set,1148
/home/xxm/Desktop/EMSE/dataset/models/research/maskgan/train_mask_gan.py,data_set,1155
/home/xxm/Desktop/EMSE/dataset/models/research/maskgan/train_mask_gan.py,raw_data,1079
/home/xxm/Desktop/EMSE/dataset/models/research/maskgan/train_mask_gan.py,train_data,1079
/home/xxm/Desktop/EMSE/dataset/models/research/maskgan/train_mask_gan.py,train_data,1090
/home/xxm/Desktop/EMSE/dataset/models/research/maskgan/train_mask_gan.py,data_set,1090
/home/xxm/Desktop/EMSE/dataset/models/research/maskgan/train_mask_gan.py,data_set,1159
/home/xxm/Desktop/EMSE/dataset/models/research/maskgan/train_mask_gan.py,data_set,1152
/home/xxm/Desktop/EMSE/dataset/models/research/maskgan/train_mask_gan.py,data_set,1148
/home/xxm/Desktop/EMSE/dataset/models/research/maskgan/train_mask_gan.py,data_set,1155
/home/xxm/Desktop/EMSE/dataset/models/research/object_detection/models/ssd_mobilenet_v2_mnasfpn_feature_extractor.py,multiplier_func,156
/home/xxm/Desktop/EMSE/dataset/models/research/object_detection/models/ssd_mobilenet_v2_mnasfpn_feature_extractor.py,multiplier_func,167
/home/xxm/Desktop/EMSE/dataset/models/research/attention_ocr/python/data_provider.py,images,144
/home/xxm/Desktop/EMSE/dataset/models/research/attention_ocr/python/data_provider.py,images,145
/home/xxm/Desktop/EMSE/dataset/models/research/attention_ocr/python/data_provider.py,image,145
/home/xxm/Desktop/EMSE/dataset/models/research/attention_ocr/python/data_provider.py,image,147
/home/xxm/Desktop/EMSE/dataset/models/research/ptn/train_ptn.py,init_fn,220
/home/xxm/Desktop/EMSE/dataset/models/research/compression/entropy_coder/lib/blocks_std_test.py,mode,63
/home/xxm/Desktop/EMSE/dataset/models/research/compression/entropy_coder/lib/blocks_std_test.py,x,63
/home/xxm/Desktop/EMSE/dataset/models/research/compression/entropy_coder/lib/blocks_std_test.py,pre_bias,169
/home/xxm/Desktop/EMSE/dataset/models/research/compression/entropy_coder/lib/blocks_std_test.py,pre_bias,172
/home/xxm/Desktop/EMSE/dataset/models/research/compression/entropy_coder/lib/blocks_std_test.py,pre_bias,170
/home/xxm/Desktop/EMSE/dataset/models/research/compression/entropy_coder/lib/blocks_std_test.py,pre_bias,175
/home/xxm/Desktop/EMSE/dataset/models/research/compression/entropy_coder/lib/blocks_std_test.py,pre_bias,174
/home/xxm/Desktop/EMSE/dataset/models/official/nlp/data/squad_lib_sp.py,tok_start_position,434
/home/xxm/Desktop/EMSE/dataset/models/official/nlp/data/squad_lib_sp.py,start_position,434
/home/xxm/Desktop/EMSE/dataset/models/official/nlp/data/squad_lib_sp.py,tok_start_position,424
/home/xxm/Desktop/EMSE/dataset/models/official/nlp/data/squad_lib_sp.py,start_position,469
/home/xxm/Desktop/EMSE/dataset/models/official/nlp/data/squad_lib_sp.py,start_position,466
/home/xxm/Desktop/EMSE/dataset/models/official/nlp/data/squad_lib_sp.py,start_position,494
/home/xxm/Desktop/EMSE/dataset/models/official/nlp/data/squad_lib_sp.py,end_position,338
/home/xxm/Desktop/EMSE/dataset/models/official/nlp/data/squad_lib_sp.py,end_position,495
/home/xxm/Desktop/EMSE/dataset/models/official/nlp/data/squad_lib_sp.py,end_position,466
/home/xxm/Desktop/EMSE/dataset/models/official/nlp/data/squad_lib_sp.py,end_position,470
/home/xxm/Desktop/EMSE/dataset/models/official/nlp/data/squad_lib_sp.py,best_score,559
/home/xxm/Desktop/EMSE/dataset/models/official/nlp/data/squad_lib_sp.py,best_non_null_entry,769
/home/xxm/Desktop/EMSE/dataset/models/official/nlp/data/squad_lib_sp.py,best_non_null_entry,764
/home/xxm/Desktop/EMSE/dataset/models/official/nlp/data/squad_lib_sp.py,best_non_null_entry,761
/home/xxm/Desktop/EMSE/dataset/models/official/nlp/data/squad_lib_sp.py,best_non_null_entry,741
/home/xxm/Desktop/EMSE/dataset/models/official/nlp/data/squad_lib_sp.py,best_non_null_entry,763
/home/xxm/Desktop/EMSE/dataset/models/official/nlp/data/squad_lib_sp.py,score_diff,763
/home/xxm/Desktop/EMSE/dataset/models/official/nlp/data/squad_lib_sp.py,score_diff,765
/home/xxm/Desktop/EMSE/dataset/models/official/nlp/data/squad_lib_sp.py,score_diff,766
/home/xxm/Desktop/EMSE/dataset/models/research/deep_speech/data/dataset.py,shuffled_entries,194
/home/xxm/Desktop/EMSE/dataset/models/research/deep_speech/data/dataset.py,shuffled_entries,197
/home/xxm/Desktop/EMSE/dataset/models/research/deep_speech/data/dataset.py,shuffled_entries,199
/home/xxm/Desktop/EMSE/dataset/models/official/r1/mnist/mnist_eager.py,test_dir,148
/home/xxm/Desktop/EMSE/dataset/models/official/r1/mnist/mnist_eager.py,train_dir,146
/home/xxm/Desktop/EMSE/dataset/models/research/object_detection/builders/preprocessor_builder.py,max_image_size,207
/home/xxm/Desktop/EMSE/dataset/models/research/object_detection/builders/preprocessor_builder.py,min_image_size,206
/home/xxm/Desktop/EMSE/dataset/models/research/object_detection/builders/preprocessor_builder.py,pad_color,352
/home/xxm/Desktop/EMSE/dataset/models/research/object_detection/builders/preprocessor_builder.py,pad_color,200
/home/xxm/Desktop/EMSE/dataset/models/research/object_detection/builders/preprocessor_builder.py,pad_color,219
/home/xxm/Desktop/EMSE/dataset/models/research/object_detection/builders/preprocessor_builder.py,pad_color,228
/home/xxm/Desktop/EMSE/dataset/models/research/object_detection/builders/preprocessor_builder.py,pad_color,240
/home/xxm/Desktop/EMSE/dataset/models/research/object_detection/builders/preprocessor_builder.py,pad_color,253
/home/xxm/Desktop/EMSE/dataset/models/research/neural_programmer/data_utils.py,column,444
/home/xxm/Desktop/EMSE/dataset/models/research/neural_programmer/data_utils.py,column,446
/home/xxm/Desktop/EMSE/dataset/models/research/neural_programmer/data_utils.py,column,440
/home/xxm/Desktop/EMSE/dataset/models/research/efficient-hrl/train.py,initial_steps,654
/home/xxm/Desktop/EMSE/dataset/models/research/efficient-hrl/train.py,_,654
/home/xxm/Desktop/EMSE/dataset/models/research/efficient-hrl/train.py,collect_experience_ops,155
/home/xxm/Desktop/EMSE/dataset/models/research/efficient-hrl/train.py,collect_experience_ops,160
/home/xxm/Desktop/EMSE/dataset/models/research/cognitive_mapping_and_planning/tfcode/tf_utils.py,additional_return_ops,839
/home/xxm/Desktop/EMSE/dataset/models/research/cognitive_mapping_and_planning/tfcode/tf_utils.py,arop_summary_iters,840
/home/xxm/Desktop/EMSE/dataset/models/research/cognitive_mapping_and_planning/tfcode/tf_utils.py,arop_eval_fns,840
/home/xxm/Desktop/EMSE/dataset/models/research/cognitive_mapping_and_planning/tfcode/tf_utils.py,batch_norm_param,58
/home/xxm/Desktop/EMSE/dataset/models/research/cognitive_mapping_and_planning/tfcode/tf_utils.py,batch_norm_param,53
/home/xxm/Desktop/EMSE/dataset/models/research/cognitive_mapping_and_planning/tfcode/tf_utils.py,y,53
/home/xxm/Desktop/EMSE/dataset/models/research/cognitive_mapping_and_planning/tfcode/tf_utils.py,y,55
/home/xxm/Desktop/EMSE/dataset/models/research/cognitive_mapping_and_planning/tfcode/tf_utils.py,batch_norm_param,65
/home/xxm/Desktop/EMSE/dataset/models/research/cognitive_mapping_and_planning/tfcode/tf_utils.py,batch_norm_param_,65
/home/xxm/Desktop/EMSE/dataset/models/research/cognitive_mapping_and_planning/tfcode/tf_utils.py,batch_norm_param_,66
/home/xxm/Desktop/EMSE/dataset/models/research/cognitive_mapping_and_planning/tfcode/tf_utils.py,batch_norm_param_,71
/home/xxm/Desktop/EMSE/dataset/models/research/lfads/utils.py,w_collections,133
/home/xxm/Desktop/EMSE/dataset/models/research/efficient-hrl/environments/create_maze_env.py,maze_id,65
/home/xxm/Desktop/EMSE/dataset/models/research/cognitive_mapping_and_planning/datasets/nav_env.py,goal_node_ids,739
/home/xxm/Desktop/EMSE/dataset/models/research/cognitive_mapping_and_planning/datasets/nav_env.py,goal_node_ids,743
/home/xxm/Desktop/EMSE/dataset/models/research/cognitive_mapping_and_planning/datasets/nav_env.py,incremental_locs,634
/home/xxm/Desktop/EMSE/dataset/models/research/cognitive_mapping_and_planning/datasets/nav_env.py,incremental_locs,635
/home/xxm/Desktop/EMSE/dataset/models/research/cognitive_mapping_and_planning/datasets/nav_env.py,incremental_locs,633
/home/xxm/Desktop/EMSE/dataset/models/research/cognitive_mapping_and_planning/datasets/nav_env.py,incremental_locs,665
/home/xxm/Desktop/EMSE/dataset/models/research/cognitive_mapping_and_planning/datasets/nav_env.py,goal_node_ids,719
/home/xxm/Desktop/EMSE/dataset/models/research/cognitive_mapping_and_planning/datasets/nav_env.py,goal_node_ids,725
/home/xxm/Desktop/EMSE/dataset/models/research/cognitive_mapping_and_planning/datasets/nav_env.py,goal_node_ids,786
/home/xxm/Desktop/EMSE/dataset/models/research/cognitive_mapping_and_planning/datasets/nav_env.py,cum_fs,651
/home/xxm/Desktop/EMSE/dataset/models/research/cognitive_mapping_and_planning/datasets/nav_env.py,out,249
/home/xxm/Desktop/EMSE/dataset/models/research/cognitive_mapping_and_planning/datasets/nav_env.py,fss,609
/home/xxm/Desktop/EMSE/dataset/models/research/cognitive_mapping_and_planning/datasets/nav_env.py,out,129
/home/xxm/Desktop/EMSE/dataset/models/research/cognitive_mapping_and_planning/datasets/nav_env.py,goal_node_ids,698
/home/xxm/Desktop/EMSE/dataset/models/research/cognitive_mapping_and_planning/datasets/nav_env.py,goal_node_ids,701
/home/xxm/Desktop/EMSE/dataset/models/research/cognitive_mapping_and_planning/datasets/nav_env.py,goal_node_ids,694
/home/xxm/Desktop/EMSE/dataset/models/research/street/python/vgslspecs.py,final_factors,233
/home/xxm/Desktop/EMSE/dataset/models/research/lstm_object_detection/meta_architectures/lstm_ssd_meta_arch_test.py,fake_feature_extractor,227
/home/xxm/Desktop/EMSE/dataset/models/research/deeplab/core/conv2d_ws.py,normalizer_params,305
/home/xxm/Desktop/EMSE/dataset/models/research/deeplab/core/conv2d_ws.py,outputs,305
/home/xxm/Desktop/EMSE/dataset/models/research/deeplab/core/conv2d_ws.py,outputs,309
/home/xxm/Desktop/EMSE/dataset/models/research/deeplab/core/conv2d_ws.py,outputs,308
/home/xxm/Desktop/EMSE/dataset/models/research/object_detection/builders/box_predictor_builder.py,box_encodings_clip_range,924
/home/xxm/Desktop/EMSE/dataset/models/research/object_detection/builders/box_predictor_builder.py,box_encodings_clip_range,715
/home/xxm/Desktop/EMSE/dataset/models/research/object_detection/builders/box_predictor_builder.py,box_encodings_clip_range,755
/home/xxm/Desktop/EMSE/dataset/models/research/object_detection/builders/box_predictor_builder.py,box_encodings_clip_range,881
/home/xxm/Desktop/EMSE/dataset/models/research/lstm_object_detection/models/lstm_ssd_mobilenet_v1_feature_extractor.py,batcher_ops,195
/home/xxm/Desktop/EMSE/dataset/models/research/fivo/fivo/models/vrnn.py,initializers,541
/home/xxm/Desktop/EMSE/dataset/models/research/fivo/fivo/models/vrnn.py,initializers,528
/home/xxm/Desktop/EMSE/dataset/models/research/fivo/fivo/models/vrnn.py,initializers,517
/home/xxm/Desktop/EMSE/dataset/models/research/fivo/fivo/models/vrnn.py,initializers,566
/home/xxm/Desktop/EMSE/dataset/models/research/fivo/fivo/models/vrnn.py,initializers,550
/home/xxm/Desktop/EMSE/dataset/models/research/fivo/fivo/models/vrnn.py,initializers,560
/home/xxm/Desktop/EMSE/dataset/models/research/fivo/fivo/models/vrnn.py,initializers,521
/home/xxm/Desktop/EMSE/dataset/models/research/fivo/fivo/models/vrnn.py,initializers,568
/home/xxm/Desktop/EMSE/dataset/models/research/fivo/fivo/models/vrnn.py,fcnet_hidden_sizes,540
/home/xxm/Desktop/EMSE/dataset/models/research/fivo/fivo/models/vrnn.py,fcnet_hidden_sizes,520
/home/xxm/Desktop/EMSE/dataset/models/research/fivo/fivo/models/vrnn.py,fcnet_hidden_sizes,525
/home/xxm/Desktop/EMSE/dataset/models/research/fivo/fivo/models/vrnn.py,fcnet_hidden_sizes,547
/home/xxm/Desktop/EMSE/dataset/models/research/fivo/fivo/models/vrnn.py,fcnet_hidden_sizes,516
/home/xxm/Desktop/EMSE/dataset/models/research/fivo/fivo/models/vrnn.py,fcnet_hidden_sizes,559
/home/xxm/Desktop/EMSE/dataset/models/research/delf/delf/python/training/build_image_dataset.py,labels,124
/home/xxm/Desktop/EMSE/dataset/models/research/cognitive_mapping_and_planning/scripts/script_preprocess_annoations_S3DIS.py,vs,56
/home/xxm/Desktop/EMSE/dataset/models/research/cognitive_mapping_and_planning/scripts/script_preprocess_annoations_S3DIS.py,vs,54
/home/xxm/Desktop/EMSE/dataset/models/research/cognitive_mapping_and_planning/scripts/script_preprocess_annoations_S3DIS.py,vs,46
/home/xxm/Desktop/EMSE/dataset/models/research/fivo/experimental/models.py,p,605
/home/xxm/Desktop/EMSE/dataset/models/research/fivo/experimental/models.py,model,605
/home/xxm/Desktop/EMSE/dataset/models/research/fivo/experimental/models.py,model,606
/home/xxm/Desktop/EMSE/dataset/models/research/fivo/experimental/models.py,q_class,1214
/home/xxm/Desktop/EMSE/dataset/models/research/fivo/experimental/models.py,q,1214
/home/xxm/Desktop/EMSE/dataset/models/research/fivo/experimental/models.py,q,1226
/home/xxm/Desktop/EMSE/dataset/models/research/fivo/experimental/models.py,model,1226
/home/xxm/Desktop/EMSE/dataset/models/research/fivo/experimental/models.py,model,1227
/home/xxm/Desktop/EMSE/dataset/models/research/fivo/experimental/models.py,p,1226
/home/xxm/Desktop/EMSE/dataset/models/research/fivo/experimental/models.py,model,1226
/home/xxm/Desktop/EMSE/dataset/models/research/fivo/experimental/models.py,model,1227
/home/xxm/Desktop/EMSE/dataset/models/research/fivo/experimental/models.py,q_class,593
/home/xxm/Desktop/EMSE/dataset/models/research/fivo/experimental/models.py,q,593
/home/xxm/Desktop/EMSE/dataset/models/research/fivo/experimental/models.py,q,605
/home/xxm/Desktop/EMSE/dataset/models/research/fivo/experimental/models.py,model,605
/home/xxm/Desktop/EMSE/dataset/models/research/fivo/experimental/models.py,model,606
/home/xxm/Desktop/EMSE/dataset/models/research/object_detection/models/keras_models/base_models/original_mobilenet_v2.py,input_shape,191
/home/xxm/Desktop/EMSE/dataset/models/research/object_detection/models/keras_models/base_models/original_mobilenet_v2.py,input_shape,187
/home/xxm/Desktop/EMSE/dataset/models/research/object_detection/models/keras_models/base_models/original_mobilenet_v2.py,input_shape,190
/home/xxm/Desktop/EMSE/dataset/models/research/object_detection/models/keras_models/base_models/original_mobilenet_v2.py,default_shape,180
/home/xxm/Desktop/EMSE/dataset/models/research/object_detection/models/keras_models/base_models/original_mobilenet_v2.py,input_shape,180
/home/xxm/Desktop/EMSE/dataset/models/research/object_detection/models/keras_models/base_models/original_mobilenet_v2.py,old_data_format,403
/home/xxm/Desktop/EMSE/dataset/models/research/steve/toy_demo.py,_steve_beat_freq,368
/home/xxm/Desktop/EMSE/dataset/models/research/steve/toy_demo.py,_steve_beat_freq,361
/home/xxm/Desktop/EMSE/dataset/models/official/nlp/modeling/networks/encoder_scaffold.py,outputs,210
/home/xxm/Desktop/EMSE/dataset/models/research/feelvos/utils/embedding_utils.py,d,1040
/home/xxm/Desktop/EMSE/dataset/models/research/feelvos/utils/embedding_utils.py,prev_frame_nn_features_n,789
/home/xxm/Desktop/EMSE/dataset/models/research/feelvos/utils/embedding_utils.py,prev_frame_nn_features_n,751
/home/xxm/Desktop/EMSE/dataset/models/research/feelvos/utils/embedding_utils.py,prev_frame_nn_features_n_sq,751
/home/xxm/Desktop/EMSE/dataset/models/research/feelvos/utils/embedding_utils.py,prev_frame_nn_features_n_sq,754
/home/xxm/Desktop/EMSE/dataset/models/research/feelvos/utils/embedding_utils.py,atrous_rates,422
/home/xxm/Desktop/EMSE/dataset/models/research/feelvos/utils/embedding_utils.py,atrous_rates,417
/home/xxm/Desktop/EMSE/dataset/models/research/object_detection/utils/autoaugment_utils.py,args,1512
/home/xxm/Desktop/EMSE/dataset/models/research/object_detection/utils/autoaugment_utils.py,args,1518
/home/xxm/Desktop/EMSE/dataset/models/research/slim/nets/nasnet/nasnet_utils.py,net,375
/home/xxm/Desktop/EMSE/dataset/models/research/slim/nets/nasnet/nasnet_utils.py,net,390
/home/xxm/Desktop/EMSE/dataset/models/research/swivel/text2bin.py,fmt,77
/home/xxm/Desktop/EMSE/dataset/models/research/swivel/text2bin.py,fmt,80
/home/xxm/Desktop/EMSE/dataset/models/research/cognitive_mapping_and_planning/src/graph_utils.py,v,204
/home/xxm/Desktop/EMSE/dataset/models/research/cognitive_mapping_and_planning/src/graph_utils.py,v,236
/home/xxm/Desktop/EMSE/dataset/models/research/deep_contextual_bandits/bandits/algorithms/bf_variational_neural_bandit_model.py,neg_kl_term,179
/home/xxm/Desktop/EMSE/dataset/models/research/maskgan/models/rollout.py,reuse,271
/home/xxm/Desktop/EMSE/dataset/models/research/pcl_rl/model.py,time_len,267
/home/xxm/Desktop/EMSE/dataset/models/research/pcl_rl/model.py,time_len,272
/home/xxm/Desktop/EMSE/dataset/models/research/pcl_rl/model.py,time_len,275
/home/xxm/Desktop/EMSE/dataset/models/research/pcl_rl/model.py,time_len,269
/home/xxm/Desktop/EMSE/dataset/models/official/nlp/modeling/networks/transformer_encoder.py,outputs,207
/home/xxm/Desktop/EMSE/dataset/models/research/textsum/seq2seq_attention_model.py,loop_function,205
/home/xxm/Desktop/EMSE/dataset/models/research/deeplab/core/xception.py,unit_rate_list,554
/home/xxm/Desktop/EMSE/dataset/models/research/lstm_object_detection/trainer.py,init_fn,408
/home/xxm/Desktop/EMSE/dataset/models/research/cognitive_planning/visualization_utils.py,elems,385
/home/xxm/Desktop/EMSE/dataset/models/research/cognitive_planning/visualization_utils.py,images,385
/home/xxm/Desktop/EMSE/dataset/models/research/cognitive_planning/visualization_utils.py,images,386
/home/xxm/Desktop/EMSE/dataset/models/research/cognitive_planning/visualization_utils.py,keypoints_y,502
/home/xxm/Desktop/EMSE/dataset/models/research/feelvos/train.py,init_softmax,272
/home/xxm/Desktop/EMSE/dataset/models/research/feelvos/train.py,init_softmax,294
/home/xxm/Desktop/EMSE/dataset/models/research/im2txt/im2txt/inference_utils/caption_generator.py,metadata_list,201
/home/xxm/Desktop/EMSE/dataset/models/research/im2txt/im2txt/inference_utils/caption_generator.py,beam,201
/home/xxm/Desktop/EMSE/dataset/models/research/im2txt/im2txt/inference_utils/caption_generator.py,beam,202
/home/xxm/Desktop/EMSE/dataset/models/research/im2txt/im2txt/inference_utils/caption_generator.py,metadata_list,198
/home/xxm/Desktop/EMSE/dataset/models/research/im2txt/im2txt/inference_utils/caption_generator.py,beam,198
/home/xxm/Desktop/EMSE/dataset/models/research/im2txt/im2txt/inference_utils/caption_generator.py,beam,199
/home/xxm/Desktop/EMSE/dataset/models/research/fivo/fivo/models/base.py,initializers,173
/home/xxm/Desktop/EMSE/dataset/models/research/neural_gpu/neural_gpu_trainer.py,best,547
/home/xxm/Desktop/EMSE/dataset/models/research/neural_gpu/neural_gpu_trainer.py,beam_model,390
/home/xxm/Desktop/EMSE/dataset/models/research/neural_gpu/neural_gpu_trainer.py,target_ids,155
/home/xxm/Desktop/EMSE/dataset/models/research/neural_gpu/neural_gpu_trainer.py,source_ids,154
/home/xxm/Desktop/EMSE/dataset/models/research/cognitive_mapping_and_planning/tfcode/vision_baseline_lstm.py,vars_to_optimize,508
/home/xxm/Desktop/EMSE/dataset/models/research/learning_unsupervised_learning/run_eval.py,var_list,91
/home/xxm/Desktop/EMSE/dataset/models/research/learning_unsupervised_learning/run_eval.py,var_list,86
/home/xxm/Desktop/EMSE/dataset/models/research/learning_unsupervised_learning/run_eval.py,saver,86
/home/xxm/Desktop/EMSE/dataset/models/research/learning_unsupervised_learning/run_eval.py,saver,104
/home/xxm/Desktop/EMSE/dataset/models/research/maskgan/data/imdb_loader.py,review_words,52
/home/xxm/Desktop/EMSE/dataset/models/research/maskgan/data/imdb_loader.py,review_words,48
/home/xxm/Desktop/EMSE/dataset/models/research/maskgan/data/imdb_loader.py,final_y,134
/home/xxm/Desktop/EMSE/dataset/models/official/modeling/hyperparams/params_dict.py,constant,251
/home/xxm/Desktop/EMSE/dataset/models/research/slim/nets/mobilenet/mobilenet_v3.py,k,391
/home/xxm/Desktop/EMSE/dataset/models/research/slim/nets/mobilenet/mobilenet_v3.py,conv_defs,681
/home/xxm/Desktop/EMSE/dataset/models/research/slim/nets/mobilenet/mobilenet_v3.py,conv_defs,664
/home/xxm/Desktop/EMSE/dataset/models/research/slim/nets/mobilenet/mobilenet_v3.py,conv_defs,673
/home/xxm/Desktop/EMSE/dataset/models/research/slim/nets/s3dg.py,self_gating_fn,301
/home/xxm/Desktop/EMSE/dataset/models/research/slim/nets/s3dg.py,self_gating_fn,279
/home/xxm/Desktop/EMSE/dataset/models/research/slim/nets/s3dg.py,self_gating_fn,422
/home/xxm/Desktop/EMSE/dataset/models/research/slim/nets/s3dg.py,self_gating_fn,451
/home/xxm/Desktop/EMSE/dataset/models/research/slim/nets/s3dg.py,self_gating_fn,474
/home/xxm/Desktop/EMSE/dataset/models/research/slim/nets/s3dg.py,self_gating_fn,399
/home/xxm/Desktop/EMSE/dataset/models/research/slim/nets/s3dg.py,self_gating_fn,330
/home/xxm/Desktop/EMSE/dataset/models/research/slim/nets/s3dg.py,self_gating_fn,353
/home/xxm/Desktop/EMSE/dataset/models/research/slim/nets/s3dg.py,self_gating_fn,376
/home/xxm/Desktop/EMSE/dataset/models/research/object_detection/builders/anchor_generator_builder.py,anchor_strides,86
/home/xxm/Desktop/EMSE/dataset/models/research/object_detection/builders/anchor_generator_builder.py,anchor_offsets,87
/home/xxm/Desktop/EMSE/dataset/models/research/struct2depth/gen_data_kitti.py,ret,49
/home/xxm/Desktop/EMSE/dataset/models/research/object_detection/meta_architectures/faster_rcnn_meta_arch.py,curr_box_classifier_features,1243
/home/xxm/Desktop/EMSE/dataset/models/research/object_detection/meta_architectures/faster_rcnn_meta_arch.py,curr_box_classifier_features,1239
/home/xxm/Desktop/EMSE/dataset/models/research/object_detection/meta_architectures/faster_rcnn_meta_arch.py,curr_box_classifier_features,1272
/home/xxm/Desktop/EMSE/dataset/models/research/object_detection/meta_architectures/faster_rcnn_meta_arch.py,curr_box_classifier_features,1276
/home/xxm/Desktop/EMSE/dataset/models/research/attention_ocr/python/sequence_layers.py,layer_class,422
/home/xxm/Desktop/EMSE/dataset/models/research/attention_ocr/python/sequence_layers.py,layer_class,421
/home/xxm/Desktop/EMSE/dataset/models/official/benchmark/perfzero_benchmark.py,resolved_tpu,74
/home/xxm/Desktop/EMSE/dataset/models/research/object_detection/dataset_tools/oid_hierarchical_labels_expansion.py,confidence_column_index,219
/home/xxm/Desktop/EMSE/dataset/models/research/cognitive_planning/envs/active_vision_dataset_env.py,next_image_id,723
/home/xxm/Desktop/EMSE/dataset/models/research/cognitive_planning/envs/active_vision_dataset_env.py,next_image_id,720
/home/xxm/Desktop/EMSE/dataset/models/research/feelvos/vis_video.py,init,244
/home/xxm/Desktop/EMSE/dataset/models/research/rebar/rebar_train.py,grad_variances,142
/home/xxm/Desktop/EMSE/dataset/models/research/rebar/rebar_train.py,grad_variances,140
/home/xxm/Desktop/EMSE/dataset/models/research/rebar/rebar_train.py,experiment_name,78
/home/xxm/Desktop/EMSE/dataset/models/research/maskgan/data/ptb_loader.py,epoch_size,115
/home/xxm/Desktop/EMSE/dataset/models/research/maskgan/data/ptb_loader.py,epoch_size,119
/home/xxm/Desktop/EMSE/dataset/models/research/maskgan/data/ptb_loader.py,i,119
/home/xxm/Desktop/EMSE/dataset/models/research/maskgan/data/ptb_loader.py,i,120
/home/xxm/Desktop/EMSE/dataset/models/research/maskgan/data/ptb_loader.py,x,120
/home/xxm/Desktop/EMSE/dataset/models/research/maskgan/data/ptb_loader.py,x,123
/home/xxm/Desktop/EMSE/dataset/models/research/maskgan/data/ptb_loader.py,x,122
/home/xxm/Desktop/EMSE/dataset/models/research/maskgan/data/ptb_loader.py,w,122
/home/xxm/Desktop/EMSE/dataset/models/research/maskgan/data/ptb_loader.py,w,123
/home/xxm/Desktop/EMSE/dataset/models/research/maskgan/data/ptb_loader.py,i,121
/home/xxm/Desktop/EMSE/dataset/models/research/maskgan/data/ptb_loader.py,y,121
/home/xxm/Desktop/EMSE/dataset/models/research/maskgan/data/ptb_loader.py,y,123
/home/xxm/Desktop/EMSE/dataset/models/research/cognitive_mapping_and_planning/tfcode/cmp.py,vars_to_optimize,526
/home/xxm/Desktop/EMSE/dataset/models/research/deeplab/core/nas_network.py,scope,237
/home/xxm/Desktop/EMSE/dataset/models/research/deeplab/core/nas_network.py,scope,235
/home/xxm/Desktop/EMSE/dataset/models/research/deeplab/core/nas_network.py,net,235
/home/xxm/Desktop/EMSE/dataset/models/research/deeplab/core/nas_network.py,net,236
/home/xxm/Desktop/EMSE/dataset/models/research/deeplab/core/nas_network.py,scope,236
/home/xxm/Desktop/EMSE/dataset/models/research/deeplab/core/nas_network.py,net,236
/home/xxm/Desktop/EMSE/dataset/models/research/deeplab/core/nas_network.py,net,238
/home/xxm/Desktop/EMSE/dataset/models/research/deeplab/core/nas_network.py,net,237
/home/xxm/Desktop/EMSE/dataset/models/research/deeplab/core/nas_network.py,scope,229
/home/xxm/Desktop/EMSE/dataset/models/research/deeplab/core/nas_network.py,scope,231
/home/xxm/Desktop/EMSE/dataset/models/research/deeplab/core/nas_network.py,scope,230
/home/xxm/Desktop/EMSE/dataset/models/research/deeplab/core/nas_network.py,net,230
/home/xxm/Desktop/EMSE/dataset/models/research/deeplab/core/nas_network.py,net,232
/home/xxm/Desktop/EMSE/dataset/models/research/deeplab/core/nas_network.py,net,231
/home/xxm/Desktop/EMSE/dataset/models/research/feelvos/common.py,decoder_output_stride,163
/home/xxm/Desktop/EMSE/dataset/models/research/feelvos/common.py,decoder_output_stride,160
/home/xxm/Desktop/EMSE/dataset/models/research/feelvos/common.py,decoder_output_stride,158
/home/xxm/Desktop/EMSE/dataset/models/research/cognitive_planning/tasks.py,reward,894
/home/xxm/Desktop/EMSE/dataset/models/research/delf/delf/python/detect_to_retrieve/aggregation_extraction.py,num_features_per_box,169
/home/xxm/Desktop/EMSE/dataset/models/research/delf/delf/python/detect_to_retrieve/aggregation_extraction.py,num_features_per_box,186
/home/xxm/Desktop/EMSE/dataset/models/research/object_detection/anchor_generators/multiple_grid_anchor_generator.py,anchor_strides,196
/home/xxm/Desktop/EMSE/dataset/models/research/object_detection/anchor_generators/multiple_grid_anchor_generator.py,anchor_strides,202
/home/xxm/Desktop/EMSE/dataset/models/research/object_detection/anchor_generators/multiple_grid_anchor_generator.py,anchor_strides,230
/home/xxm/Desktop/EMSE/dataset/models/research/object_detection/anchor_generators/multiple_grid_anchor_generator.py,layer_box_specs,339
/home/xxm/Desktop/EMSE/dataset/models/research/object_detection/anchor_generators/multiple_grid_anchor_generator.py,scales,326
/home/xxm/Desktop/EMSE/dataset/models/research/object_detection/anchor_generators/multiple_grid_anchor_generator.py,base_anchor_size,341
/home/xxm/Desktop/EMSE/dataset/models/research/object_detection/anchor_generators/multiple_grid_anchor_generator.py,base_anchor_size,237
/home/xxm/Desktop/EMSE/dataset/models/research/object_detection/anchor_generators/multiple_grid_anchor_generator.py,anchor_offsets,202
/home/xxm/Desktop/EMSE/dataset/models/research/object_detection/anchor_generators/multiple_grid_anchor_generator.py,anchor_offsets,231
/home/xxm/Desktop/EMSE/dataset/models/research/lfads/synth_data/generate_chaotic_rnn_data.py,noisy_data,156
/home/xxm/Desktop/EMSE/dataset/models/research/lfads/synth_data/generate_chaotic_rnn_data.py,input_times,162
/home/xxm/Desktop/EMSE/dataset/models/research/lfads/synth_data/generate_chaotic_rnn_data.py,input_times,139
/home/xxm/Desktop/EMSE/dataset/models/official/nlp/bert/run_squad.py,custom_callbacks,128
/home/xxm/Desktop/EMSE/dataset/models/research/fivo/fivo/models/srnn.py,initializers,532
/home/xxm/Desktop/EMSE/dataset/models/research/fivo/fivo/models/srnn.py,initializers,543
/home/xxm/Desktop/EMSE/dataset/models/research/fivo/fivo/models/srnn.py,initializers,583
/home/xxm/Desktop/EMSE/dataset/models/research/fivo/fivo/models/srnn.py,initializers,575
/home/xxm/Desktop/EMSE/dataset/models/research/fivo/fivo/models/srnn.py,initializers,565
/home/xxm/Desktop/EMSE/dataset/models/research/fivo/fivo/models/srnn.py,initializers,581
/home/xxm/Desktop/EMSE/dataset/models/research/fivo/fivo/models/srnn.py,initializers,556
/home/xxm/Desktop/EMSE/dataset/models/research/fivo/fivo/models/srnn.py,initializers,536
/home/xxm/Desktop/EMSE/dataset/models/research/tcn/estimators/base_estimator.py,train_hooks,391
/home/xxm/Desktop/EMSE/dataset/models/research/tcn/estimators/base_estimator.py,train_hooks,386
/home/xxm/Desktop/EMSE/dataset/models/research/tcn/estimators/base_estimator.py,predictions_dict,348
/home/xxm/Desktop/EMSE/dataset/models/research/tcn/estimators/base_estimator.py,predictions_dict,328
/home/xxm/Desktop/EMSE/dataset/models/research/tcn/estimators/base_estimator.py,predictions_dict,357
/home/xxm/Desktop/EMSE/dataset/models/research/cognitive_mapping_and_planning/render/swiftshader_renderer.py,materials,105
/home/xxm/Desktop/EMSE/dataset/models/research/cognitive_mapping_and_planning/render/swiftshader_renderer.py,materials,103
/home/xxm/Desktop/EMSE/dataset/models/research/cognitive_mapping_and_planning/render/swiftshader_renderer.py,np_d_img,345
/home/xxm/Desktop/EMSE/dataset/models/research/slim/datasets/imagenet.py,labels_to_names,188
/home/xxm/Desktop/EMSE/dataset/models/research/adversarial_text/data/data_utils.py,final_timestep,302
/home/xxm/Desktop/EMSE/dataset/models/research/vid2depth/inference.py,im_files,95
/home/xxm/Desktop/EMSE/dataset/models/research/vid2depth/inference.py,im_files,100
/home/xxm/Desktop/EMSE/dataset/models/research/pcl_rl/trainer.py,cls,273
/home/xxm/Desktop/EMSE/dataset/models/research/pcl_rl/trainer.py,cls,261
/home/xxm/Desktop/EMSE/dataset/models/research/pcl_rl/trainer.py,cls,250
/home/xxm/Desktop/EMSE/dataset/models/research/learned_optimizer/optimizer/hierarchical_rnn.py,new_log_lr,693
/home/xxm/Desktop/EMSE/dataset/models/research/deeplab/common.py,image_pooling_crop_size,264
/home/xxm/Desktop/EMSE/dataset/models/research/deeplab/common.py,decoder_output_stride,269
/home/xxm/Desktop/EMSE/dataset/models/research/deeplab/common.py,decoder_output_stride,241
/home/xxm/Desktop/EMSE/dataset/models/research/object_detection/utils/test_case.py,outputs_np,49
/home/xxm/Desktop/EMSE/dataset/models/research/object_detection/utils/test_case.py,outputs_np,47
/home/xxm/Desktop/EMSE/dataset/models/research/object_detection/utils/test_case.py,outputs_np,46
/home/xxm/Desktop/EMSE/dataset/models/research/object_detection/model_lib.py,eval_spec_names,836
/home/xxm/Desktop/EMSE/dataset/models/research/object_detection/model_lib.py,gt_labeled_classes,296
/home/xxm/Desktop/EMSE/dataset/models/research/object_detection/model_lib.py,gt_weights_list,300
/home/xxm/Desktop/EMSE/dataset/models/research/object_detection/model_lib.py,scaffold_fn,593
/home/xxm/Desktop/EMSE/dataset/models/research/object_detection/model_lib.py,summaries,504
/home/xxm/Desktop/EMSE/dataset/models/research/object_detection/model_lib.py,gt_masks_list,297
/home/xxm/Desktop/EMSE/dataset/models/research/object_detection/model_lib.py,gt_keypoint_visibilities_list,299
/home/xxm/Desktop/EMSE/dataset/models/research/object_detection/model_lib.py,eval_metric_ops,614
/home/xxm/Desktop/EMSE/dataset/models/research/object_detection/model_lib.py,eval_metric_ops,597
/home/xxm/Desktop/EMSE/dataset/models/research/object_detection/model_lib.py,gt_confidences_list,295
/home/xxm/Desktop/EMSE/dataset/models/official/nlp/data/squad_lib.py,best_non_null_entry,687
/home/xxm/Desktop/EMSE/dataset/models/official/nlp/data/squad_lib.py,best_non_null_entry,709
/home/xxm/Desktop/EMSE/dataset/models/official/nlp/data/squad_lib.py,best_non_null_entry,711
/home/xxm/Desktop/EMSE/dataset/models/official/nlp/data/squad_lib.py,best_non_null_entry,710
/home/xxm/Desktop/EMSE/dataset/models/official/nlp/data/squad_lib.py,score_diff,710
/home/xxm/Desktop/EMSE/dataset/models/official/nlp/data/squad_lib.py,score_diff,713
/home/xxm/Desktop/EMSE/dataset/models/official/nlp/data/squad_lib.py,score_diff,712
/home/xxm/Desktop/EMSE/dataset/models/official/nlp/data/squad_lib.py,best_non_null_entry,716
/home/xxm/Desktop/EMSE/dataset/models/official/nlp/data/squad_lib.py,tok_start_position,279
/home/xxm/Desktop/EMSE/dataset/models/official/nlp/data/squad_lib.py,orig_answer_text,229
/home/xxm/Desktop/EMSE/dataset/models/official/nlp/data/squad_lib.py,end_position,213
/home/xxm/Desktop/EMSE/dataset/models/official/nlp/data/squad_lib.py,start_position,213
/home/xxm/Desktop/EMSE/dataset/models/official/nlp/data/squad_lib.py,best_score,499
/home/xxm/Desktop/EMSE/dataset/models/official/nlp/data/squad_lib.py,tok_end_position,279
/home/xxm/Desktop/EMSE/dataset/models/official/nlp/data/squad_lib.py,end_position,231
/home/xxm/Desktop/EMSE/dataset/models/research/lm_commonsense/utils.py,patch,281
/home/xxm/Desktop/EMSE/dataset/models/research/textsum/seq2seq_attention.py,running_avg_loss,74
/home/xxm/Desktop/EMSE/dataset/models/research/deeplab/core/preprocess_utils.py,max_size,501
/home/xxm/Desktop/EMSE/dataset/models/research/deeplab/core/preprocess_utils.py,max_size,491
/home/xxm/Desktop/EMSE/dataset/models/research/deeplab/core/preprocess_utils.py,max_size,495
/home/xxm/Desktop/EMSE/dataset/models/research/deeplab/core/preprocess_utils.py,small_scale_factor,495
/home/xxm/Desktop/EMSE/dataset/models/research/deeplab/core/preprocess_utils.py,small_scale_factor,497
/home/xxm/Desktop/EMSE/dataset/models/research/deeplab/core/preprocess_utils.py,small_scale_factor,498
/home/xxm/Desktop/EMSE/dataset/models/research/deeplab/core/preprocess_utils.py,small_width,498
/home/xxm/Desktop/EMSE/dataset/models/research/deeplab/core/preprocess_utils.py,small_width,499
/home/xxm/Desktop/EMSE/dataset/models/research/deeplab/core/preprocess_utils.py,small_size,499
/home/xxm/Desktop/EMSE/dataset/models/research/deeplab/core/preprocess_utils.py,small_size,502
/home/xxm/Desktop/EMSE/dataset/models/research/object_detection/models/faster_rcnn_inception_v2_feature_extractor.py,batch_norm_params,49
/home/xxm/Desktop/EMSE/dataset/models/official/nlp/modeling/networks/albert_transformer_encoder.py,max_sequence_length,126
/home/xxm/Desktop/EMSE/dataset/models/official/nlp/modeling/networks/albert_transformer_encoder.py,max_sequence_length,97
/home/xxm/Desktop/EMSE/dataset/models/research/neural_gpu/neural_gpu.py,c,564
/home/xxm/Desktop/EMSE/dataset/models/research/neural_gpu/neural_gpu.py,cur,348
/home/xxm/Desktop/EMSE/dataset/models/research/neural_gpu/neural_gpu.py,cur,359
/home/xxm/Desktop/EMSE/dataset/models/research/neural_gpu/neural_gpu.py,cur,361
/home/xxm/Desktop/EMSE/dataset/models/research/neural_gpu/neural_gpu.py,cur,350
/home/xxm/Desktop/EMSE/dataset/models/research/neural_gpu/neural_gpu.py,cur,355
/home/xxm/Desktop/EMSE/dataset/models/research/neural_gpu/neural_gpu.py,c,598
/home/xxm/Desktop/EMSE/dataset/models/official/vision/detection/executor/detection_executor.py,_update_state,85
/home/xxm/Desktop/EMSE/dataset/models/research/slim/nets/mobilenet/conv_blocks.py,inner_size,351
/home/xxm/Desktop/EMSE/dataset/models/research/slim/nets/mobilenet/conv_blocks.py,inner_size,342
/home/xxm/Desktop/EMSE/dataset/models/research/lfads/lfads.py,prior_zs_ar_con,2071
/home/xxm/Desktop/EMSE/dataset/models/research/lfads/lfads.py,prior_zs_ar_con,2083
/home/xxm/Desktop/EMSE/dataset/models/research/lfads/lfads.py,ci_enc_rev,600
/home/xxm/Desktop/EMSE/dataset/models/research/lfads/lfads.py,ci_enc_rev,746
/home/xxm/Desktop/EMSE/dataset/models/research/lfads/lfads.py,con_in_r_t,746
/home/xxm/Desktop/EMSE/dataset/models/research/lfads/lfads.py,con_in_r_t,747
/home/xxm/Desktop/EMSE/dataset/models/research/lfads/lfads.py,con_in_list_t,747
/home/xxm/Desktop/EMSE/dataset/models/research/lfads/lfads.py,con_in_list_t,751
/home/xxm/Desktop/EMSE/dataset/models/research/lfads/lfads.py,con_in_list_t,753
/home/xxm/Desktop/EMSE/dataset/models/research/lfads/lfads.py,con_in_list_t,757
/home/xxm/Desktop/EMSE/dataset/models/research/lfads/lfads.py,con_in_t,757
/home/xxm/Desktop/EMSE/dataset/models/research/lfads/lfads.py,con_in_t,758
/home/xxm/Desktop/EMSE/dataset/models/research/lfads/lfads.py,ci_enc_rev,744
/home/xxm/Desktop/EMSE/dataset/models/research/lfads/lfads.py,con_in_r_t,744
/home/xxm/Desktop/EMSE/dataset/models/research/lfads/lfads.py,controller_outputs,1714
/home/xxm/Desktop/EMSE/dataset/models/research/lfads/lfads.py,controller_outputs,1701
/home/xxm/Desktop/EMSE/dataset/models/research/lfads/lfads.py,controller_outputs,1731
/home/xxm/Desktop/EMSE/dataset/models/research/lfads/lfads.py,controller_outputs,1686
/home/xxm/Desktop/EMSE/dataset/models/research/lfads/lfads.py,collections_readin,415
/home/xxm/Desktop/EMSE/dataset/models/research/lfads/lfads.py,zs_g0,629
/home/xxm/Desktop/EMSE/dataset/models/research/lfads/lfads.py,zs_g0,627
/home/xxm/Desktop/EMSE/dataset/models/research/lfads/lfads.py,loglikelihood_t,813
/home/xxm/Desktop/EMSE/dataset/models/research/lfads/lfads.py,c_x,259
/home/xxm/Desktop/EMSE/dataset/models/research/lfads/lfads.py,c,259
/home/xxm/Desktop/EMSE/dataset/models/research/lfads/lfads.py,c,261
/home/xxm/Desktop/EMSE/dataset/models/research/lfads/lfads.py,new_h,261
/home/xxm/Desktop/EMSE/dataset/models/research/lfads/lfads.py,new_h,262
/home/xxm/Desktop/EMSE/dataset/models/research/lstm_object_detection/evaluator.py,groundtruth,140
/home/xxm/Desktop/EMSE/dataset/models/research/lstm_object_detection/evaluator.py,groundtruth,138
/home/xxm/Desktop/EMSE/dataset/models/research/lstm_object_detection/evaluator.py,groundtruth,156
/home/xxm/Desktop/EMSE/dataset/models/research/lstm_object_detection/evaluator.py,losses_dict,259
/home/xxm/Desktop/EMSE/dataset/models/research/lstm_object_detection/evaluator.py,result_dicts,259
/home/xxm/Desktop/EMSE/dataset/models/research/lstm_object_detection/evaluator.py,result_dicts,288
/home/xxm/Desktop/EMSE/dataset/models/research/lstm_object_detection/evaluator.py,result_dicts,267
/home/xxm/Desktop/EMSE/dataset/models/research/lstm_object_detection/evaluator.py,result_dict,267
/home/xxm/Desktop/EMSE/dataset/models/research/lstm_object_detection/evaluator.py,result_dict,272
/home/xxm/Desktop/EMSE/dataset/models/research/lstm_object_detection/evaluator.py,result_dicts,290
/home/xxm/Desktop/EMSE/dataset/models/research/object_detection/utils/ops.py,out_tensor_dict,1068
/home/xxm/Desktop/EMSE/dataset/models/research/efficient-hrl/eval.py,model_rollout_fn,428
/home/xxm/Desktop/EMSE/dataset/models/research/efficient-hrl/eval.py,max_reward,167
/home/xxm/Desktop/EMSE/dataset/models/research/efficient-hrl/eval.py,max_reward,131
/home/xxm/Desktop/EMSE/dataset/models/research/efficient-hrl/eval.py,checkpoint_path,434
/home/xxm/Desktop/EMSE/dataset/models/research/object_detection/legacy/evaluator.py,groundtruth_masks_list,125
/home/xxm/Desktop/EMSE/dataset/models/research/object_detection/legacy/evaluator.py,groundtruth,106
/home/xxm/Desktop/EMSE/dataset/models/research/object_detection/legacy/evaluator.py,groundtruth,132
/home/xxm/Desktop/EMSE/dataset/models/research/object_detection/legacy/evaluator.py,groundtruth,116
/home/xxm/Desktop/EMSE/dataset/models/research/object_detection/legacy/evaluator.py,groundtruth,110
/home/xxm/Desktop/EMSE/dataset/models/research/object_detection/legacy/evaluator.py,groundtruth_keypoints_list,125
/home/xxm/Desktop/EMSE/dataset/models/official/nlp/bert/serving.py,name_to_features,123
/home/xxm/Desktop/EMSE/dataset/models/research/im2txt/im2txt/ops/image_embedding.py,batch_norm_params,97
/home/xxm/Desktop/EMSE/dataset/models/research/cvt_text/task_specific/word_level/tagging_scorers.py,p,61
/home/xxm/Desktop/EMSE/dataset/models/research/cvt_text/task_specific/word_level/tagging_scorers.py,p,59
/home/xxm/Desktop/EMSE/dataset/models/research/cvt_text/task_specific/word_level/tagging_scorers.py,f1,59
/home/xxm/Desktop/EMSE/dataset/models/research/maskgan/generate_samples.py,raw_data,250
/home/xxm/Desktop/EMSE/dataset/models/research/maskgan/generate_samples.py,train_data,250
/home/xxm/Desktop/EMSE/dataset/models/research/maskgan/generate_samples.py,train_data,259
/home/xxm/Desktop/EMSE/dataset/models/research/maskgan/generate_samples.py,data_set,259
/home/xxm/Desktop/EMSE/dataset/models/research/maskgan/generate_samples.py,data_set,277
/home/xxm/Desktop/EMSE/dataset/models/research/maskgan/generate_samples.py,raw_data,253
/home/xxm/Desktop/EMSE/dataset/models/research/maskgan/generate_samples.py,train_data,253
/home/xxm/Desktop/EMSE/dataset/models/research/struct2depth/model.py,input_bottleneck_stack,803
/home/xxm/Desktop/EMSE/dataset/models/research/struct2depth/model.py,input_bottleneck_stack,802
/home/xxm/Desktop/EMSE/dataset/models/research/object_detection/meta_architectures/ssd_meta_arch_test_lib.py,fake_feature_extractor,231
/home/xxm/Desktop/EMSE/dataset/models/research/object_detection/builders/losses_builder.py,loss_type,126
/home/xxm/Desktop/EMSE/dataset/models/research/struct2depth/alignment.py,max_segid3,51
/home/xxm/Desktop/EMSE/dataset/models/research/struct2depth/alignment.py,max_segid3,53
/home/xxm/Desktop/EMSE/dataset/models/research/struct2depth/alignment.py,max_segid2,44
/home/xxm/Desktop/EMSE/dataset/models/research/struct2depth/alignment.py,overlap,44
/home/xxm/Desktop/EMSE/dataset/models/research/struct2depth/alignment.py,overlap,45
/home/xxm/Desktop/EMSE/dataset/models/research/struct2depth/alignment.py,overlap,46
/home/xxm/Desktop/EMSE/dataset/models/research/struct2depth/alignment.py,max_overlap3,46
/home/xxm/Desktop/EMSE/dataset/models/research/struct2depth/alignment.py,max_overlap3,45
/home/xxm/Desktop/EMSE/dataset/models/research/struct2depth/alignment.py,max_overlap3,48
/home/xxm/Desktop/EMSE/dataset/models/research/struct2depth/alignment.py,max_segid2,50
/home/xxm/Desktop/EMSE/dataset/models/research/struct2depth/alignment.py,max_segid2,52
/home/xxm/Desktop/EMSE/dataset/models/research/object_detection/models/keras_models/mobilenet_v1.py,filters,166
/home/xxm/Desktop/EMSE/dataset/models/research/object_detection/models/keras_models/mobilenet_v1.py,filters,163
/home/xxm/Desktop/EMSE/dataset/models/official/utils/misc/distribution_utils.py,devices,150
/home/xxm/Desktop/EMSE/dataset/models/official/nlp/bert/tf1_checkpoint_converter_lib.py,new_shape,169
/home/xxm/Desktop/EMSE/dataset/models/official/nlp/bert/tf1_checkpoint_converter_lib.py,tensor,169
/home/xxm/Desktop/EMSE/dataset/models/official/nlp/bert/tf1_checkpoint_converter_lib.py,new_shape,168
/home/xxm/Desktop/EMSE/dataset/models/research/feelvos/datasets/video_dataset.py,file_pattern,131
/home/xxm/Desktop/EMSE/dataset/models/research/fivo/experimental/train.py,true_bs,314
/home/xxm/Desktop/EMSE/dataset/models/research/fivo/experimental/train.py,model,403
/home/xxm/Desktop/EMSE/dataset/models/research/fivo/experimental/train.py,model,381
/home/xxm/Desktop/EMSE/dataset/models/research/fivo/experimental/train.py,model,465
/home/xxm/Desktop/EMSE/dataset/models/research/fivo/experimental/train.py,eval_likelihood,465
/home/xxm/Desktop/EMSE/dataset/models/research/fivo/experimental/train.py,eval_likelihood,488
/home/xxm/Desktop/EMSE/dataset/models/research/fivo/experimental/train.py,eval_likelihood,471
/home/xxm/Desktop/EMSE/dataset/models/research/fivo/experimental/train.py,eval_likelihood,470
/home/xxm/Desktop/EMSE/dataset/models/research/fivo/experimental/train.py,model,472
/home/xxm/Desktop/EMSE/dataset/models/research/fivo/experimental/train.py,model,386
/home/xxm/Desktop/EMSE/dataset/models/research/fivo/experimental/train.py,model,397
/home/xxm/Desktop/EMSE/dataset/models/research/fivo/experimental/train.py,model,464
/home/xxm/Desktop/EMSE/dataset/models/research/fivo/experimental/train.py,model,420
/home/xxm/Desktop/EMSE/dataset/models/research/fivo/experimental/train.py,model,411
/home/xxm/Desktop/EMSE/dataset/models/research/object_detection/builders/image_resizer_builder.py,per_channel_pad_value,92
/home/xxm/Desktop/EMSE/dataset/models/research/object_detection/utils/model_util.py,model_outputs,93
/home/xxm/Desktop/EMSE/dataset/models/research/deeplab/core/feature_extractor.py,preprocess_function,709
/home/xxm/Desktop/EMSE/dataset/models/research/learned_optimizer/metaopt.py,device_setter,175
/home/xxm/Desktop/EMSE/dataset/models/official/nlp/bert/model_training_utils.py,steps_per_loop,228
/home/xxm/Desktop/EMSE/dataset/models/research/deeplab/core/resnet_v1_beta_test.py,multi_grid,76
/home/xxm/Desktop/EMSE/dataset/models/research/deeplab/core/resnet_v1_beta_test.py,multi_grid,113
/home/xxm/Desktop/EMSE/dataset/models/research/feelvos/utils/mask_damaging.py,mask,92
/home/xxm/Desktop/EMSE/dataset/models/research/feelvos/utils/mask_damaging.py,mask,94
/home/xxm/Desktop/EMSE/dataset/models/research/feelvos/utils/mask_damaging.py,mask,95
/home/xxm/Desktop/EMSE/dataset/models/research/feelvos/utils/mask_damaging.py,mask,90
/home/xxm/Desktop/EMSE/dataset/models/research/object_detection/core/post_processing.py,batch_nmsed_additional_fields,996
/home/xxm/Desktop/EMSE/dataset/models/research/pcl_rl/objective.py,critic_loss,347
