/home/xxm/Desktop/EMSE/dataset/sentry/src/sentry/management/commands/merge_users.py,unique_users,90
/home/xxm/Desktop/EMSE/dataset/sentry/src/sentry/utils/snuba.py,project_ids,354
/home/xxm/Desktop/EMSE/dataset/sentry/src/sentry/utils/snuba.py,project_ids,360
/home/xxm/Desktop/EMSE/dataset/sentry/src/sentry/utils/snuba.py,organization_id,360
/home/xxm/Desktop/EMSE/dataset/sentry/src/sentry/utils/snuba.py,organization_id,364
/home/xxm/Desktop/EMSE/dataset/sentry/src/sentry/utils/snuba.py,organization_id,366
/home/xxm/Desktop/EMSE/dataset/sentry/src/sentry/utils/snuba.py,project_ids,362
/home/xxm/Desktop/EMSE/dataset/sentry/src/sentry/utils/snuba.py,params,362
/home/xxm/Desktop/EMSE/dataset/sentry/src/sentry/utils/snuba.py,params,366
/home/xxm/Desktop/EMSE/dataset/sentry/src/sentry/utils/snuba.py,params,364
/home/xxm/Desktop/EMSE/dataset/sentry/src/sentry/utils/snuba.py,query_results,610
/home/xxm/Desktop/EMSE/dataset/sentry/src/sentry/utils/snuba.py,response,610
/home/xxm/Desktop/EMSE/dataset/sentry/src/sentry/utils/snuba.py,response,615
/home/xxm/Desktop/EMSE/dataset/sentry/src/sentry/utils/snuba.py,response,618
/home/xxm/Desktop/EMSE/dataset/sentry/src/sentry/utils/snuba.py,response,621
/home/xxm/Desktop/EMSE/dataset/sentry/src/sentry/utils/snuba.py,response,632
/home/xxm/Desktop/EMSE/dataset/sentry/src/sentry/utils/snuba.py,response,612
/home/xxm/Desktop/EMSE/dataset/sentry/src/sentry/utils/snuba.py,body,612
/home/xxm/Desktop/EMSE/dataset/sentry/src/sentry/utils/snuba.py,body,636
/home/xxm/Desktop/EMSE/dataset/sentry/src/sentry/utils/snuba.py,body,619
/home/xxm/Desktop/EMSE/dataset/sentry/src/sentry/utils/snuba.py,body,635
/home/xxm/Desktop/EMSE/dataset/sentry/src/sentry/utils/snuba.py,body,620
/home/xxm/Desktop/EMSE/dataset/sentry/src/sentry/utils/snuba.py,error,620
/home/xxm/Desktop/EMSE/dataset/sentry/src/sentry/utils/snuba.py,error,630
/home/xxm/Desktop/EMSE/dataset/sentry/src/sentry/utils/snuba.py,error,624
/home/xxm/Desktop/EMSE/dataset/sentry/src/sentry/utils/snuba.py,error,622
/home/xxm/Desktop/EMSE/dataset/sentry/src/sentry/utils/snuba.py,error,626
/home/xxm/Desktop/EMSE/dataset/sentry/src/sentry/utils/snuba.py,error,625
/home/xxm/Desktop/EMSE/dataset/sentry/src/sentry/utils/snuba.py,error,623
/home/xxm/Desktop/EMSE/dataset/sentry/src/sentry/utils/snuba.py,error,627
/home/xxm/Desktop/EMSE/dataset/sentry/src/sentry/utils/snuba.py,conditions,860
/home/xxm/Desktop/EMSE/dataset/sentry/src/sentry/utils/snuba.py,fwd,1077
/home/xxm/Desktop/EMSE/dataset/sentry/src/sentry/utils/snuba.py,forward,1077
/home/xxm/Desktop/EMSE/dataset/sentry/src/sentry/utils/snuba.py,forward,1077
/home/xxm/Desktop/EMSE/dataset/sentry/src/sentry/utils/snuba.py,forward,1098
/home/xxm/Desktop/EMSE/dataset/sentry/src/sentry/utils/snuba.py,orderby,867
/home/xxm/Desktop/EMSE/dataset/sentry/src/sentry/web/frontend/generic.py,paths,65
/home/xxm/Desktop/EMSE/dataset/sentry/src/sentry/web/frontend/generic.py,p,65
/home/xxm/Desktop/EMSE/dataset/sentry/src/sentry/web/frontend/generic.py,p,67
/home/xxm/Desktop/EMSE/dataset/sentry/src/sentry/web/frontend/generic.py,response,67
/home/xxm/Desktop/EMSE/dataset/sentry/src/sentry/web/frontend/generic.py,response,87
/home/xxm/Desktop/EMSE/dataset/sentry/src/sentry/web/frontend/generic.py,response,89
/home/xxm/Desktop/EMSE/dataset/sentry/src/sentry/web/frontend/generic.py,response,76
/home/xxm/Desktop/EMSE/dataset/sentry/src/sentry/web/frontend/generic.py,response,84
/home/xxm/Desktop/EMSE/dataset/sentry/src/sentry/web/frontend/generic.py,response,80
/home/xxm/Desktop/EMSE/dataset/sentry/src/sentry/runner/commands/run.py,port,29
/home/xxm/Desktop/EMSE/dataset/sentry/src/sentry/utils/outcomes.py,quantity,162
/home/xxm/Desktop/EMSE/dataset/sentry/src/sentry/utils/outcomes.py,quantity,130
/home/xxm/Desktop/EMSE/dataset/sentry/src/sentry/culprit.py,default,55
/home/xxm/Desktop/EMSE/dataset/sentry/src/sentry/culprit.py,default,53
/home/xxm/Desktop/EMSE/dataset/sentry/src/sentry/culprit.py,culprit,41
/home/xxm/Desktop/EMSE/dataset/sentry/src/sentry/culprit.py,culprit,38
/home/xxm/Desktop/EMSE/dataset/sentry/src/sentry/culprit.py,stacktraces,36
/home/xxm/Desktop/EMSE/dataset/sentry/src/sentry/culprit.py,culprit,36
/home/xxm/Desktop/EMSE/dataset/sentry/src/sentry/culprit.py,culprit,41
/home/xxm/Desktop/EMSE/dataset/sentry/src/sentry/culprit.py,culprit,38
/home/xxm/Desktop/EMSE/dataset/sentry/src/sentry/culprit.py,stacktraces,35
/home/xxm/Desktop/EMSE/dataset/sentry/src/sentry/api/endpoints/index.py,auth,24
/home/xxm/Desktop/EMSE/dataset/sentry/src/sentry/api/endpoints/index.py,context,24
/home/xxm/Desktop/EMSE/dataset/sentry/src/sentry/api/endpoints/index.py,context,25
/home/xxm/Desktop/EMSE/dataset/sentry/src/sentry/integrations/github/webhook.py,author_email,250
/home/xxm/Desktop/EMSE/dataset/sentry/src/sentry/integrations/github/webhook.py,author_email,247
/home/xxm/Desktop/EMSE/dataset/sentry/src/sentry/integrations/github/webhook.py,author_email,274
/home/xxm/Desktop/EMSE/dataset/sentry/src/sentry/integrations/github/webhook.py,author,274
/home/xxm/Desktop/EMSE/dataset/sentry/src/sentry/integrations/github/webhook.py,author_email,248
/home/xxm/Desktop/EMSE/dataset/sentry/src/sentry/integrations/github/webhook.py,author_email,245
/home/xxm/Desktop/EMSE/dataset/sentry/src/sentry/mail/activity/release.py,projects,229
/home/xxm/Desktop/EMSE/dataset/sentry/src/sentry/mail/activity/release.py,projects,230
/home/xxm/Desktop/EMSE/dataset/sentry/src/sentry/mail/activity/release.py,projects,227
/home/xxm/Desktop/EMSE/dataset/sentry/src/sentry/mail/activity/release.py,resolved_issue_counts,227
/home/xxm/Desktop/EMSE/dataset/sentry/src/sentry/mail/activity/release.py,resolved_issue_counts,229
/home/xxm/Desktop/EMSE/dataset/sentry/src/sentry/mail/activity/release.py,projects,224
/home/xxm/Desktop/EMSE/dataset/sentry/src/sentry/api/endpoints/organization_searches.py,results,84
/home/xxm/Desktop/EMSE/dataset/sentry/src/sentry/api/endpoints/organization_searches.py,results,70
/home/xxm/Desktop/EMSE/dataset/sentry/src/sentry/api/endpoints/organization_searches.py,results,68
/home/xxm/Desktop/EMSE/dataset/sentry/src/sentry/api/endpoints/organization_searches.py,results,60
/home/xxm/Desktop/EMSE/dataset/sentry/src/sentry_plugins/trello/plugin.py,output,302
/home/xxm/Desktop/EMSE/dataset/sentry/src/sentry/api/endpoints/project_details.py,serializer_cls,351
/home/xxm/Desktop/EMSE/dataset/sentry/src/sentry/api/endpoints/project_details.py,serializer,351
/home/xxm/Desktop/EMSE/dataset/sentry/src/sentry/api/endpoints/project_details.py,serializer,354
/home/xxm/Desktop/EMSE/dataset/sentry/src/sentry/api/endpoints/project_details.py,serializer,355
/home/xxm/Desktop/EMSE/dataset/sentry/src/sentry/api/endpoints/project_details.py,serializer,357
/home/xxm/Desktop/EMSE/dataset/sentry/src/sentry/api/endpoints/project_details.py,result,357
/home/xxm/Desktop/EMSE/dataset/sentry/src/sentry/api/endpoints/project_details.py,result,473
/home/xxm/Desktop/EMSE/dataset/sentry/src/sentry/api/endpoints/project_details.py,result,487
/home/xxm/Desktop/EMSE/dataset/sentry/src/sentry/api/endpoints/project_details.py,result,451
/home/xxm/Desktop/EMSE/dataset/sentry/src/sentry/api/endpoints/project_details.py,result,429
/home/xxm/Desktop/EMSE/dataset/sentry/src/sentry/api/endpoints/project_details.py,result,438
/home/xxm/Desktop/EMSE/dataset/sentry/src/sentry/api/endpoints/project_details.py,result,378
/home/xxm/Desktop/EMSE/dataset/sentry/src/sentry/api/endpoints/project_details.py,result,469
/home/xxm/Desktop/EMSE/dataset/sentry/src/sentry/api/endpoints/project_details.py,result,447
/home/xxm/Desktop/EMSE/dataset/sentry/src/sentry/api/endpoints/project_details.py,result,409
/home/xxm/Desktop/EMSE/dataset/sentry/src/sentry/api/endpoints/project_details.py,result,500
/home/xxm/Desktop/EMSE/dataset/sentry/src/sentry/api/endpoints/project_details.py,result,497
/home/xxm/Desktop/EMSE/dataset/sentry/src/sentry/api/endpoints/project_details.py,result,418
/home/xxm/Desktop/EMSE/dataset/sentry/src/sentry/api/endpoints/project_details.py,result,482
/home/xxm/Desktop/EMSE/dataset/sentry/src/sentry/api/endpoints/project_details.py,result,494
/home/xxm/Desktop/EMSE/dataset/sentry/src/sentry/api/endpoints/project_details.py,result,449
/home/xxm/Desktop/EMSE/dataset/sentry/src/sentry/api/endpoints/project_details.py,result,427
/home/xxm/Desktop/EMSE/dataset/sentry/src/sentry/api/endpoints/project_details.py,result,456
/home/xxm/Desktop/EMSE/dataset/sentry/src/sentry/api/endpoints/project_details.py,result,612
/home/xxm/Desktop/EMSE/dataset/sentry/src/sentry/api/endpoints/project_details.py,result,499
/home/xxm/Desktop/EMSE/dataset/sentry/src/sentry/api/endpoints/project_details.py,result,436
/home/xxm/Desktop/EMSE/dataset/sentry/src/sentry/api/endpoints/project_details.py,result,414
/home/xxm/Desktop/EMSE/dataset/sentry/src/sentry/api/endpoints/project_details.py,result,467
/home/xxm/Desktop/EMSE/dataset/sentry/src/sentry/api/endpoints/project_details.py,result,445
/home/xxm/Desktop/EMSE/dataset/sentry/src/sentry/api/endpoints/project_details.py,result,423
/home/xxm/Desktop/EMSE/dataset/sentry/src/sentry/api/endpoints/project_details.py,result,458
/home/xxm/Desktop/EMSE/dataset/sentry/src/sentry/api/endpoints/project_details.py,result,454
/home/xxm/Desktop/EMSE/dataset/sentry/src/sentry/api/endpoints/project_details.py,result,416
/home/xxm/Desktop/EMSE/dataset/sentry/src/sentry/api/endpoints/project_details.py,result,463
/home/xxm/Desktop/EMSE/dataset/sentry/src/sentry/api/endpoints/project_details.py,result,425
/home/xxm/Desktop/EMSE/dataset/sentry/src/sentry/api/endpoints/project_details.py,result,403
/home/xxm/Desktop/EMSE/dataset/sentry/src/sentry/api/endpoints/project_details.py,result,506
/home/xxm/Desktop/EMSE/dataset/sentry/src/sentry/api/endpoints/project_details.py,result,460
/home/xxm/Desktop/EMSE/dataset/sentry/src/sentry/api/endpoints/project_details.py,result,434
/home/xxm/Desktop/EMSE/dataset/sentry/src/sentry/api/endpoints/project_details.py,result,412
/home/xxm/Desktop/EMSE/dataset/sentry/src/sentry/api/endpoints/project_details.py,result,390
/home/xxm/Desktop/EMSE/dataset/sentry/src/sentry/api/endpoints/project_details.py,result,484
/home/xxm/Desktop/EMSE/dataset/sentry/src/sentry/api/endpoints/project_details.py,result,465
/home/xxm/Desktop/EMSE/dataset/sentry/src/sentry/api/endpoints/project_details.py,result,443
/home/xxm/Desktop/EMSE/dataset/sentry/src/sentry/api/endpoints/project_details.py,result,421
/home/xxm/Desktop/EMSE/dataset/sentry/src/sentry/api/endpoints/project_details.py,result,452
/home/xxm/Desktop/EMSE/dataset/sentry/src/sentry/api/endpoints/project_details.py,result,461
/home/xxm/Desktop/EMSE/dataset/sentry/src/sentry/api/endpoints/project_details.py,result,489
/home/xxm/Desktop/EMSE/dataset/sentry/src/sentry/api/endpoints/project_details.py,result,492
/home/xxm/Desktop/EMSE/dataset/sentry/src/sentry/api/endpoints/project_details.py,result,441
/home/xxm/Desktop/EMSE/dataset/sentry/src/sentry/api/endpoints/project_details.py,result,419
/home/xxm/Desktop/EMSE/dataset/sentry/src/sentry/api/endpoints/project_details.py,result,496
/home/xxm/Desktop/EMSE/dataset/sentry/src/sentry/api/endpoints/project_details.py,result,450
/home/xxm/Desktop/EMSE/dataset/sentry/src/sentry/api/endpoints/project_details.py,result,459
/home/xxm/Desktop/EMSE/dataset/sentry/src/sentry/api/endpoints/project_details.py,result,415
/home/xxm/Desktop/EMSE/dataset/sentry/src/sentry/api/endpoints/project_details.py,result,377
/home/xxm/Desktop/EMSE/dataset/sentry/src/sentry/api/endpoints/project_details.py,result,468
/home/xxm/Desktop/EMSE/dataset/sentry/src/sentry/api/endpoints/project_details.py,result,498
/home/xxm/Desktop/EMSE/dataset/sentry/src/sentry/api/endpoints/project_details.py,result,446
/home/xxm/Desktop/EMSE/dataset/sentry/src/sentry/api/endpoints/project_details.py,result,495
/home/xxm/Desktop/EMSE/dataset/sentry/src/sentry/api/endpoints/project_details.py,result,477
/home/xxm/Desktop/EMSE/dataset/sentry/src/sentry/api/endpoints/project_details.py,result,455
/home/xxm/Desktop/EMSE/dataset/sentry/src/sentry/api/endpoints/project_details.py,result,417
/home/xxm/Desktop/EMSE/dataset/sentry/src/sentry/api/endpoints/project_details.py,result,373
/home/xxm/Desktop/EMSE/dataset/sentry/src/sentry/api/endpoints/project_details.py,result,457
/home/xxm/Desktop/EMSE/dataset/sentry/src/sentry/api/endpoints/project_details.py,result,448
/home/xxm/Desktop/EMSE/dataset/sentry/src/sentry/api/endpoints/project_details.py,result,426
/home/xxm/Desktop/EMSE/dataset/sentry/src/sentry/api/endpoints/project_details.py,result,481
/home/xxm/Desktop/EMSE/dataset/sentry/src/sentry/api/endpoints/project_details.py,result,480
/home/xxm/Desktop/EMSE/dataset/sentry/src/sentry/api/endpoints/project_details.py,result,611
/home/xxm/Desktop/EMSE/dataset/sentry/src/sentry/api/endpoints/project_details.py,result,413
/home/xxm/Desktop/EMSE/dataset/sentry/src/sentry/api/endpoints/project_details.py,result,466
/home/xxm/Desktop/EMSE/dataset/sentry/src/sentry/api/endpoints/project_details.py,result,444
/home/xxm/Desktop/EMSE/dataset/sentry/src/sentry/api/endpoints/project_details.py,result,502
/home/xxm/Desktop/EMSE/dataset/sentry/src/sentry/api/endpoints/project_details.py,result,422
/home/xxm/Desktop/EMSE/dataset/sentry/src/sentry/api/endpoints/project_details.py,result,384
/home/xxm/Desktop/EMSE/dataset/sentry/src/sentry/api/endpoints/project_details.py,result,362
/home/xxm/Desktop/EMSE/dataset/sentry/src/sentry/api/endpoints/project_details.py,result,483
/home/xxm/Desktop/EMSE/dataset/sentry/src/sentry/api/endpoints/project_details.py,result,475
/home/xxm/Desktop/EMSE/dataset/sentry/src/sentry/api/endpoints/project_details.py,result,453
/home/xxm/Desktop/EMSE/dataset/sentry/src/sentry/api/endpoints/project_details.py,result,431
/home/xxm/Desktop/EMSE/dataset/sentry/src/sentry/api/endpoints/project_details.py,result,371
/home/xxm/Desktop/EMSE/dataset/sentry/src/sentry/api/endpoints/project_details.py,result,462
/home/xxm/Desktop/EMSE/dataset/sentry/src/sentry/api/endpoints/project_details.py,result,424
/home/xxm/Desktop/EMSE/dataset/sentry/src/sentry/api/endpoints/project_details.py,result,471
/home/xxm/Desktop/EMSE/dataset/sentry/src/sentry/api/endpoints/project_details.py,result,389
/home/xxm/Desktop/EMSE/dataset/sentry/src/sentry/api/endpoints/project_details.py,result,464
/home/xxm/Desktop/EMSE/dataset/sentry/src/sentry/api/endpoints/project_details.py,result,442
/home/xxm/Desktop/EMSE/dataset/sentry/src/sentry/api/endpoints/project_details.py,result,420
/home/xxm/Desktop/EMSE/dataset/sentry/src/sentry/auth/superuser.py,data,221
/home/xxm/Desktop/EMSE/dataset/sentry/src/sentry/auth/superuser.py,data,218
/home/xxm/Desktop/EMSE/dataset/sentry/src/sentry/auth/helper.py,op,415
/home/xxm/Desktop/EMSE/dataset/sentry/src/sentry/auth/helper.py,op,440
/home/xxm/Desktop/EMSE/dataset/sentry/src/sentry/auth/helper.py,op,417
/home/xxm/Desktop/EMSE/dataset/sentry/src/sentry/auth/helper.py,op,411
/home/xxm/Desktop/EMSE/dataset/sentry/src/sentry/utils/dates.py,rv,87
/home/xxm/Desktop/EMSE/dataset/sentry/src/sentry/api/event_search.py,name,817
/home/xxm/Desktop/EMSE/dataset/sentry/src/sentry/api/event_search.py,is_null_condition,817
/home/xxm/Desktop/EMSE/dataset/sentry/src/sentry/api/event_search.py,is_null_condition,829
/home/xxm/Desktop/EMSE/dataset/sentry/src/sentry/api/event_search.py,name,822
/home/xxm/Desktop/EMSE/dataset/sentry/src/sentry/api/event_search.py,condition,822
/home/xxm/Desktop/EMSE/dataset/sentry/src/sentry/api/event_search.py,name,820
/home/xxm/Desktop/EMSE/dataset/sentry/src/sentry/api/event_search.py,condition,820
/home/xxm/Desktop/EMSE/dataset/sentry/src/sentry/api/event_search.py,condition,831
/home/xxm/Desktop/EMSE/dataset/sentry/src/sentry/api/event_search.py,condition,829
/home/xxm/Desktop/EMSE/dataset/sentry/src/sentry/api/event_search.py,name,804
/home/xxm/Desktop/EMSE/dataset/sentry/src/sentry/api/event_search.py,name,807
/home/xxm/Desktop/EMSE/dataset/sentry/src/sentry/api/event_search.py,converted_filter,905
/home/xxm/Desktop/EMSE/dataset/sentry/src/sentry/api/event_search.py,converted_filter,948
/home/xxm/Desktop/EMSE/dataset/sentry/src/sentry/api/event_search.py,converted_filter,887
/home/xxm/Desktop/EMSE/dataset/sentry/src/sentry/api/event_search.py,aggregate_value,433
/home/xxm/Desktop/EMSE/dataset/sentry/src/sentry/api/event_search.py,condition,831
/home/xxm/Desktop/EMSE/dataset/sentry/src/sentry/api/event_search.py,condition,829
/home/xxm/Desktop/EMSE/dataset/sentry/src/sentry/api/event_search.py,converted_filter,944
/home/xxm/Desktop/EMSE/dataset/sentry/src/sentry/api/event_search.py,filtered_project_ids,1509
/home/xxm/Desktop/EMSE/dataset/sentry/src/sentry/api/event_search.py,project_ids,1509
/home/xxm/Desktop/EMSE/dataset/sentry/src/sentry/api/event_search.py,project_ids,1510
/home/xxm/Desktop/EMSE/dataset/sentry/src/sentry/api/event_search.py,projects,1510
/home/xxm/Desktop/EMSE/dataset/sentry/src/sentry/api/event_search.py,projects,1518
/home/xxm/Desktop/EMSE/dataset/sentry/src/sentry/api/event_search.py,projects,1516
/home/xxm/Desktop/EMSE/dataset/sentry/src/sentry/api/event_search.py,is_null_condition,829
/home/xxm/Desktop/EMSE/dataset/sentry/src/sentry/api/event_search.py,converted_filter,932
/home/xxm/Desktop/EMSE/dataset/sentry/src/sentry/api/event_search.py,converted_filter,940
/home/xxm/Desktop/EMSE/dataset/sentry/src/sentry/deletions/manager.py,task,22
/home/xxm/Desktop/EMSE/dataset/sentry/src/sentry/options/manager.py,default_value,208
/home/xxm/Desktop/EMSE/dataset/sentry/src/sentry/options/manager.py,default_value,223
/home/xxm/Desktop/EMSE/dataset/sentry/src/sentry/options/manager.py,type,223
/home/xxm/Desktop/EMSE/dataset/sentry/src/sentry/options/manager.py,type,248
/home/xxm/Desktop/EMSE/dataset/sentry/src/sentry/options/manager.py,type,232
/home/xxm/Desktop/EMSE/dataset/sentry/src/sentry/options/manager.py,type,228
/home/xxm/Desktop/EMSE/dataset/sentry/src/sentry/options/manager.py,type,233
/home/xxm/Desktop/EMSE/dataset/sentry/src/sentry/options/manager.py,type,238
/home/xxm/Desktop/EMSE/dataset/sentry/src/sentry/options/manager.py,default,238
/home/xxm/Desktop/EMSE/dataset/sentry/src/sentry/options/manager.py,default,239
/home/xxm/Desktop/EMSE/dataset/sentry/src/sentry/options/manager.py,default_value,239
/home/xxm/Desktop/EMSE/dataset/sentry/src/sentry/options/manager.py,default_value,246
/home/xxm/Desktop/EMSE/dataset/sentry/src/sentry/options/manager.py,default_value,243
/home/xxm/Desktop/EMSE/dataset/sentry/src/sentry/options/manager.py,default_value,237
/home/xxm/Desktop/EMSE/dataset/sentry/src/sentry/options/manager.py,default_value,221
/home/xxm/Desktop/EMSE/dataset/sentry/src/sentry/options/manager.py,default_value,232
/home/xxm/Desktop/EMSE/dataset/sentry/src/sentry/plugins/bases/issue.py,issue_id,237
/home/xxm/Desktop/EMSE/dataset/sentry/src/sentry/plugins/bases/issue.py,issue_id,231
/home/xxm/Desktop/EMSE/dataset/sentry/src/sentry/plugins/bases/issue.py,issue_id,236
/home/xxm/Desktop/EMSE/dataset/sentry/src/sentry/plugins/bases/issue.py,issue_id,269
/home/xxm/Desktop/EMSE/dataset/sentry/src/sentry/plugins/bases/issue.py,issue_id,266
/home/xxm/Desktop/EMSE/dataset/sentry/src/sentry/plugins/bases/issue.py,issue_id,264
/home/xxm/Desktop/EMSE/dataset/sentry/src/sentry/plugins/bases/issue.py,issue_id,268
/home/xxm/Desktop/EMSE/dataset/sentry/src/sentry/tasks/store.py,data,517
/home/xxm/Desktop/EMSE/dataset/sentry/src/sentry/tasks/store.py,data,541
/home/xxm/Desktop/EMSE/dataset/sentry/src/sentry/interfaces/stacktrace.py,choices,305
/home/xxm/Desktop/EMSE/dataset/sentry/src/sentry/interfaces/stacktrace.py,templates,305
/home/xxm/Desktop/EMSE/dataset/sentry/src/sentry/interfaces/stacktrace.py,templates,307
/home/xxm/Desktop/EMSE/dataset/sentry/src/sentry/interfaces/stacktrace.py,choices,304
/home/xxm/Desktop/EMSE/dataset/sentry/src/sentry/interfaces/stacktrace.py,visible_frames,537
/home/xxm/Desktop/EMSE/dataset/sentry/src/sentry/interfaces/stacktrace.py,visible_frames,548
/home/xxm/Desktop/EMSE/dataset/sentry/src/sentry/interfaces/stacktrace.py,visible_frames,552
/home/xxm/Desktop/EMSE/dataset/sentry/src/sentry/interfaces/stacktrace.py,visible_frames,540
/home/xxm/Desktop/EMSE/dataset/sentry/src/sentry/management/commands/check_notifications.py,projects,39
/home/xxm/Desktop/EMSE/dataset/sentry/src/sentry/management/commands/check_notifications.py,project,39
/home/xxm/Desktop/EMSE/dataset/sentry/src/sentry/management/commands/check_notifications.py,project,40
/home/xxm/Desktop/EMSE/dataset/sentry/src/sentry/incidents/logic.py,start,368
/home/xxm/Desktop/EMSE/dataset/sentry/src/sentry/incidents/logic.py,end,366
/home/xxm/Desktop/EMSE/dataset/sentry/src/sentry/incidents/logic.py,start,366
/home/xxm/Desktop/EMSE/dataset/sentry/src/sentry/incidents/logic.py,excluded_projects,581
/home/xxm/Desktop/EMSE/dataset/sentry/src/sentry/incidents/logic.py,excluded_projects,577
/home/xxm/Desktop/EMSE/dataset/sentry/src/sentry/incidents/logic.py,excluded_subs,858
/home/xxm/Desktop/EMSE/dataset/sentry/src/sentry/incidents/logic.py,end,353
/home/xxm/Desktop/EMSE/dataset/sentry/src/sentry/grouping/enhancer.py,contributes,372
/home/xxm/Desktop/EMSE/dataset/sentry/src/sentry/api/serializers/models/release.py,authors,128
/home/xxm/Desktop/EMSE/dataset/sentry/src/sentry/api/serializers/models/release.py,project_ids,213
/home/xxm/Desktop/EMSE/dataset/sentry/src/sentry/integrations/jira/integration.py,v,688
/home/xxm/Desktop/EMSE/dataset/sentry/src/sentry/runner/commands/exec.py,body,103
/home/xxm/Desktop/EMSE/dataset/sentry/src/sentry/runner/commands/exec.py,file,54
/home/xxm/Desktop/EMSE/dataset/sentry/src/sentry/runner/commands/exec.py,file,58
/home/xxm/Desktop/EMSE/dataset/sentry/src/sentry/runner/commands/exec.py,file,63
/home/xxm/Desktop/EMSE/dataset/sentry/src/sentry/runner/commands/exec.py,file,120
/home/xxm/Desktop/EMSE/dataset/sentry/src/sentry/runner/commands/exec.py,file,105
/home/xxm/Desktop/EMSE/dataset/sentry/src/sentry/runner/commands/exec.py,header,91
/home/xxm/Desktop/EMSE/dataset/sentry/src/sentry/runner/commands/exec.py,header,104
/home/xxm/Desktop/EMSE/dataset/sentry/src/sentry/runner/commands/exec.py,header,99
/home/xxm/Desktop/EMSE/dataset/sentry/src/sentry/runner/commands/exec.py,body,85
/home/xxm/Desktop/EMSE/dataset/sentry/src/sentry/runner/commands/exec.py,body,82
/home/xxm/Desktop/EMSE/dataset/sentry/src/sentry/api/endpoints/organization_events_stats.py,limit,41
/home/xxm/Desktop/EMSE/dataset/sentry/src/sentry/api/endpoints/organization_events_stats.py,limit,36
/home/xxm/Desktop/EMSE/dataset/sentry/src/sentry/api/endpoints/organization_events_stats.py,limit,53
/home/xxm/Desktop/EMSE/dataset/sentry/src/sentry/stacktraces/functions.py,buf,81
/home/xxm/Desktop/EMSE/dataset/sentry/src/sentry/stacktraces/functions.py,buf,86
/home/xxm/Desktop/EMSE/dataset/sentry/src/sentry/stacktraces/functions.py,buf,93
/home/xxm/Desktop/EMSE/dataset/sentry/src/sentry/stacktraces/functions.py,buf,89
/home/xxm/Desktop/EMSE/dataset/sentry/src/sentry/stacktraces/functions.py,func_token,203
/home/xxm/Desktop/EMSE/dataset/sentry/src/sentry/data_export/tasks.py,rows,184
/home/xxm/Desktop/EMSE/dataset/sentry/src/sentry/data_export/tasks.py,processor,170
/home/xxm/Desktop/EMSE/dataset/sentry/src/sentry/utils/committers.py,rv,163
/home/xxm/Desktop/EMSE/dataset/sentry/src/sentry/utils/committers.py,rv,164
/home/xxm/Desktop/EMSE/dataset/sentry/src/sentry_plugins/jira/client.py,auth,48
/home/xxm/Desktop/EMSE/dataset/sentry/src/sentry/similarity/features.py,scope,145
/home/xxm/Desktop/EMSE/dataset/sentry/src/sentry/similarity/features.py,scope,113
/home/xxm/Desktop/EMSE/dataset/sentry/src/sentry/similarity/features.py,scope,117
/home/xxm/Desktop/EMSE/dataset/sentry/src/sentry/similarity/features.py,key,145
/home/xxm/Desktop/EMSE/dataset/sentry/src/sentry/similarity/features.py,key,120
/home/xxm/Desktop/EMSE/dataset/sentry/src/sentry/similarity/features.py,key,124
/home/xxm/Desktop/EMSE/dataset/sentry/src/sentry/similarity/features.py,scope,160
/home/xxm/Desktop/EMSE/dataset/sentry/src/sentry/similarity/features.py,scope,164
/home/xxm/Desktop/EMSE/dataset/sentry/src/sentry/similarity/features.py,scope,189
/home/xxm/Desktop/EMSE/dataset/sentry/src/sentry/tasks/auto_resolve_issues.py,cutoff,82
/home/xxm/Desktop/EMSE/dataset/sentry/src/sentry/tasks/auto_resolve_issues.py,cutoff,59
/home/xxm/Desktop/EMSE/dataset/sentry/src/sentry/utils/safe.py,result,77
/home/xxm/Desktop/EMSE/dataset/sentry/src/sentry/utils/safe.py,result,87
/home/xxm/Desktop/EMSE/dataset/sentry/src/sentry/utils/safe.py,result,92
/home/xxm/Desktop/EMSE/dataset/sentry/src/sentry/api/serializers/models/group.py,resolution_type,330
/home/xxm/Desktop/EMSE/dataset/sentry/src/sentry/api/serializers/models/group.py,subscriptions,324
/home/xxm/Desktop/EMSE/dataset/sentry/src/sentry/eventstore/models.py,config,378
/home/xxm/Desktop/EMSE/dataset/sentry/src/sentry/eventstore/models.py,config,368
/home/xxm/Desktop/EMSE/dataset/sentry/src/sentry/utils/locking/backends/redis.py,key,42
/home/xxm/Desktop/EMSE/dataset/sentry/src/sentry/incidents/models.py,incident,81
/home/xxm/Desktop/EMSE/dataset/sentry/src/sentry/incidents/models.py,incident,73
/home/xxm/Desktop/EMSE/dataset/sentry/src/sentry/incidents/models.py,incident,76
/home/xxm/Desktop/EMSE/dataset/sentry/src/sentry/incidents/models.py,incident,74
/home/xxm/Desktop/EMSE/dataset/sentry/src/sentry/api/endpoints/user_details.py,serializer_cls,141
/home/xxm/Desktop/EMSE/dataset/sentry/src/sentry/api/endpoints/user_details.py,serializer,141
/home/xxm/Desktop/EMSE/dataset/sentry/src/sentry/api/endpoints/user_details.py,serializer,148
/home/xxm/Desktop/EMSE/dataset/sentry/src/sentry/api/endpoints/user_details.py,serializer,149
/home/xxm/Desktop/EMSE/dataset/sentry/src/sentry/api/endpoints/user_details.py,serializer,167
/home/xxm/Desktop/EMSE/dataset/sentry/src/sentry/api/endpoints/user_details.py,user,167
/home/xxm/Desktop/EMSE/dataset/sentry/src/sentry/api/endpoints/user_details.py,user,169
/home/xxm/Desktop/EMSE/dataset/sentry/src/sentry/models/debugfile.py,difs,383
/home/xxm/Desktop/EMSE/dataset/sentry/src/sentry/models/debugfile.py,difs,385
/home/xxm/Desktop/EMSE/dataset/sentry/src/sentry/models/debugfile.py,to_create,385
/home/xxm/Desktop/EMSE/dataset/sentry/src/sentry/models/debugfile.py,to_create,387
/home/xxm/Desktop/EMSE/dataset/sentry/src/sentry/models/debugfile.py,rv,387
/home/xxm/Desktop/EMSE/dataset/sentry/src/sentry/models/debugfile.py,rv,392
/home/xxm/Desktop/EMSE/dataset/sentry/src/sentry/models/debugfile.py,to_create,385
/home/xxm/Desktop/EMSE/dataset/sentry/src/social_auth/admin.py,username_field,17
/home/xxm/Desktop/EMSE/dataset/sentry/src/social_auth/admin.py,fieldnames,17
/home/xxm/Desktop/EMSE/dataset/sentry/src/social_auth/admin.py,fieldnames,19
/home/xxm/Desktop/EMSE/dataset/sentry/src/social_auth/admin.py,user_search_fields,19
/home/xxm/Desktop/EMSE/dataset/sentry/src/social_auth/admin.py,user_search_fields,26
/home/xxm/Desktop/EMSE/dataset/sentry/src/social_auth/admin.py,search_fields,26
/home/xxm/Desktop/EMSE/dataset/sentry/src/sentry/metrics/datadog.py,tags,58
/home/xxm/Desktop/EMSE/dataset/sentry/src/sentry/metrics/datadog.py,tags,56
/home/xxm/Desktop/EMSE/dataset/sentry/src/sentry/metrics/datadog.py,tags,60
/home/xxm/Desktop/EMSE/dataset/sentry/src/sentry/metrics/datadog.py,tags,54
/home/xxm/Desktop/EMSE/dataset/sentry/src/sentry/metrics/datadog.py,tags,45
/home/xxm/Desktop/EMSE/dataset/sentry/src/sentry/metrics/datadog.py,tags,43
/home/xxm/Desktop/EMSE/dataset/sentry/src/sentry/metrics/datadog.py,tags,47
/home/xxm/Desktop/EMSE/dataset/sentry/src/sentry/metrics/datadog.py,tags,41
/home/xxm/Desktop/EMSE/dataset/sentry/src/sentry/utils/warnings.py,warning,66
/home/xxm/Desktop/EMSE/dataset/sentry/src/sentry/integrations/slack/utils.py,payload_actions,295
/home/xxm/Desktop/EMSE/dataset/sentry/src/sentry/integrations/slack/utils.py,start,338
/home/xxm/Desktop/EMSE/dataset/sentry/src/sentry/integrations/slack/utils.py,metric_value,338
/home/xxm/Desktop/EMSE/dataset/sentry/src/sentry/models/group.py,short_id,85
/home/xxm/Desktop/EMSE/dataset/sentry/src/sentry/models/group.py,short_id,88
/home/xxm/Desktop/EMSE/dataset/sentry/src/sentry/models/group.py,short_id,89
/home/xxm/Desktop/EMSE/dataset/sentry/src/sentry/models/group.py,short_id,105
/home/xxm/Desktop/EMSE/dataset/sentry/src/sentry/models/group.py,short_id,106
/home/xxm/Desktop/EMSE/dataset/sentry/src/sentry/metrics/dogstatsd.py,tags,37
/home/xxm/Desktop/EMSE/dataset/sentry/src/sentry/metrics/dogstatsd.py,tags,21
/home/xxm/Desktop/EMSE/dataset/sentry/src/sentry/metrics/dogstatsd.py,tags,25
/home/xxm/Desktop/EMSE/dataset/sentry/src/sentry/metrics/dogstatsd.py,tags,23
/home/xxm/Desktop/EMSE/dataset/sentry/src/sentry/metrics/dogstatsd.py,tags,32
/home/xxm/Desktop/EMSE/dataset/sentry/src/sentry/metrics/dogstatsd.py,tags,36
/home/xxm/Desktop/EMSE/dataset/sentry/src/sentry/metrics/dogstatsd.py,tags,34
/home/xxm/Desktop/EMSE/dataset/sentry/src/sentry/metrics/dogstatsd.py,tags,26
/home/xxm/Desktop/EMSE/dataset/sentry/src/sentry/api/paginator.py,cursor_value,114
/home/xxm/Desktop/EMSE/dataset/sentry/src/sentry/api/paginator.py,queryset,114
/home/xxm/Desktop/EMSE/dataset/sentry/src/sentry/api/paginator.py,queryset,141
/home/xxm/Desktop/EMSE/dataset/sentry/src/sentry/api/paginator.py,results,141
/home/xxm/Desktop/EMSE/dataset/sentry/src/sentry/api/paginator.py,results,150
/home/xxm/Desktop/EMSE/dataset/sentry/src/sentry/api/paginator.py,results,146
/home/xxm/Desktop/EMSE/dataset/sentry/src/sentry/api/paginator.py,results,149
/home/xxm/Desktop/EMSE/dataset/sentry/src/sentry/api/paginator.py,results,147
/home/xxm/Desktop/EMSE/dataset/sentry/src/sentry/api/paginator.py,hits,420
/home/xxm/Desktop/EMSE/dataset/sentry/src/sentry/api/paginator.py,hits,419
/home/xxm/Desktop/EMSE/dataset/sentry/src/sentry/api/paginator.py,cursor_value,554
/home/xxm/Desktop/EMSE/dataset/sentry/src/sentry/api/paginator.py,hits,158
/home/xxm/Desktop/EMSE/dataset/sentry/src/sentry/runner/commands/cleanup.py,project_id,294
/home/xxm/Desktop/EMSE/dataset/sentry/src/sentry/runner/commands/cleanup.py,project_id,245
/home/xxm/Desktop/EMSE/dataset/sentry/src/sentry/runner/commands/cleanup.py,project_id,276
/home/xxm/Desktop/EMSE/dataset/sentry/src/sentry/runner/commands/devserver.py,port,164
/home/xxm/Desktop/EMSE/dataset/sentry/src/sentry/runner/commands/devserver.py,port,157
/home/xxm/Desktop/EMSE/dataset/sentry/src/sentry/runner/commands/devserver.py,proxy_port,157
/home/xxm/Desktop/EMSE/dataset/sentry/src/sentry/runner/commands/devserver.py,proxy_port,163
/home/xxm/Desktop/EMSE/dataset/sentry/src/sentry/runner/commands/devserver.py,port,185
/home/xxm/Desktop/EMSE/dataset/sentry/src/sentry/runner/commands/devserver.py,port,158
/home/xxm/Desktop/EMSE/dataset/sentry/src/sentry/runner/commands/devserver.py,port,239
/home/xxm/Desktop/EMSE/dataset/sentry/src/sentry/runner/commands/devserver.py,server,239
/home/xxm/Desktop/EMSE/dataset/sentry/src/sentry/runner/commands/devserver.py,server,255
/home/xxm/Desktop/EMSE/dataset/sentry/src/sentry/runner/commands/devserver.py,server,244
/home/xxm/Desktop/EMSE/dataset/sentry/src/sentry/runner/commands/devserver.py,port,78
/home/xxm/Desktop/EMSE/dataset/sentry/src/sentry/runner/commands/devserver.py,bind,78
/home/xxm/Desktop/EMSE/dataset/sentry/src/sentry/eventstream/snuba.py,headers,258
/home/xxm/Desktop/EMSE/dataset/sentry/src/sentry/receivers/releases.py,user_list,193
/home/xxm/Desktop/EMSE/dataset/sentry/src/sentry/receivers/releases.py,user_list,189
/home/xxm/Desktop/EMSE/dataset/sentry/src/sentry/receivers/releases.py,user_list,110
/home/xxm/Desktop/EMSE/dataset/sentry/src/sentry/receivers/releases.py,user,110
/home/xxm/Desktop/EMSE/dataset/sentry/src/sentry/receivers/releases.py,user,112
/home/xxm/Desktop/EMSE/dataset/sentry/src/sentry/receivers/releases.py,user_list,91
/home/xxm/Desktop/EMSE/dataset/sentry/src/sentry/receivers/releases.py,acting_user,91
/home/xxm/Desktop/EMSE/dataset/sentry/src/sentry/receivers/releases.py,acting_user,105
/home/xxm/Desktop/EMSE/dataset/sentry/src/sentry/receivers/releases.py,acting_user,97
/home/xxm/Desktop/EMSE/dataset/sentry/src/sentry/receivers/releases.py,acting_user,101
/home/xxm/Desktop/EMSE/dataset/sentry/src/sentry/receivers/releases.py,user_list,137
/home/xxm/Desktop/EMSE/dataset/sentry/src/sentry/receivers/releases.py,user,137
/home/xxm/Desktop/EMSE/dataset/sentry/src/sentry/receivers/releases.py,user,141
/home/xxm/Desktop/EMSE/dataset/sentry/src/sentry/discover/endpoints/discover_saved_queries.py,order_by,65
/home/xxm/Desktop/EMSE/dataset/sentry/src/sentry/discover/endpoints/discover_saved_queries.py,order_by,66
/home/xxm/Desktop/EMSE/dataset/sentry/src/sentry/discover/endpoints/discover_saved_queries.py,order_by,67
/home/xxm/Desktop/EMSE/dataset/sentry/src/sentry/discover/endpoints/discover_saved_queries.py,queryset,67
/home/xxm/Desktop/EMSE/dataset/sentry/src/sentry/discover/endpoints/discover_saved_queries.py,queryset,71
/home/xxm/Desktop/EMSE/dataset/sentry/src/sentry/discover/endpoints/discover_saved_queries.py,saved_queries,71
/home/xxm/Desktop/EMSE/dataset/sentry/src/sentry/discover/endpoints/discover_saved_queries.py,saved_queries,72
/home/xxm/Desktop/EMSE/dataset/sentry/src/sentry/discover/endpoints/discover_saved_queries.py,queryset,75
/home/xxm/Desktop/EMSE/dataset/sentry/src/sentry/lint/engine.py,extensions,82
/home/xxm/Desktop/EMSE/dataset/sentry/src/sentry/api/serializers/models/event.py,received,254
/home/xxm/Desktop/EMSE/dataset/sentry/src/sentry/utils/apidocs.py,body,595
/home/xxm/Desktop/EMSE/dataset/sentry/src/sentry/utils/apidocs.py,warning,155
/home/xxm/Desktop/EMSE/dataset/sentry/src/sentry/utils/apidocs.py,warning,158
/home/xxm/Desktop/EMSE/dataset/sentry/src/sentry/utils/apidocs.py,files,583
/home/xxm/Desktop/EMSE/dataset/sentry/src/sentry/api/endpoints/organization_details.py,serializer_cls,392
/home/xxm/Desktop/EMSE/dataset/sentry/src/sentry/api/endpoints/organization_details.py,serializer,392
/home/xxm/Desktop/EMSE/dataset/sentry/src/sentry/api/endpoints/organization_details.py,serializer,429
/home/xxm/Desktop/EMSE/dataset/sentry/src/sentry/api/endpoints/organization_details.py,serializer,397
/home/xxm/Desktop/EMSE/dataset/sentry/src/sentry/api/endpoints/organization_details.py,serializer,398
/home/xxm/Desktop/EMSE/dataset/sentry/src/sentry/api/endpoints/organization_details.py,organization,398
/home/xxm/Desktop/EMSE/dataset/sentry/src/sentry/api/endpoints/organization_details.py,organization,415
/home/xxm/Desktop/EMSE/dataset/sentry/src/sentry/api/endpoints/organization_details.py,organization,410
/home/xxm/Desktop/EMSE/dataset/sentry/src/sentry/api/endpoints/organization_details.py,organization,406
/home/xxm/Desktop/EMSE/dataset/sentry/src/sentry/api/endpoints/organization_details.py,organization,416
/home/xxm/Desktop/EMSE/dataset/sentry/src/sentry/api/endpoints/organization_details.py,organization,403
/home/xxm/Desktop/EMSE/dataset/sentry/src/sentry/api/endpoints/organization_details.py,organization,423
/home/xxm/Desktop/EMSE/dataset/sentry/src/sentry/api/endpoints/organization_details.py,organization,404
/home/xxm/Desktop/EMSE/dataset/sentry/tests/sentry/integrations/slack/test_action_endpoint.py,slack_user,86
/home/xxm/Desktop/EMSE/dataset/sentry/tests/sentry/integrations/slack/test_action_endpoint.py,original_message,90
/home/xxm/Desktop/EMSE/dataset/sentry/src/sentry/snuba/sessions.py,has_health_data,287
/home/xxm/Desktop/EMSE/dataset/sentry/src/sentry/snuba/sessions.py,stat,317
/home/xxm/Desktop/EMSE/dataset/sentry/src/sentry/snuba/sessions.py,stat,218
/home/xxm/Desktop/EMSE/dataset/sentry/src/sentry/snuba/sessions.py,stat,305
/home/xxm/Desktop/EMSE/dataset/sentry/src/sentry/grouping/strategies/base.py,rv,166
/home/xxm/Desktop/EMSE/dataset/sentry/src/sentry/grouping/strategies/base.py,prevent_contribution,144
/home/xxm/Desktop/EMSE/dataset/sentry/src/sentry/api/serializers/models/savedsearch.py,user_defaults,23
/home/xxm/Desktop/EMSE/dataset/sentry/src/sentry/utils/cursors.py,has_prev,193
/home/xxm/Desktop/EMSE/dataset/sentry/src/sentry/utils/cursors.py,has_prev,173
/home/xxm/Desktop/EMSE/dataset/sentry/src/sentry/utils/cursors.py,has_prev,144
/home/xxm/Desktop/EMSE/dataset/sentry/src/sentry/utils/cursors.py,first_prev_index,144
/home/xxm/Desktop/EMSE/dataset/sentry/src/sentry/utils/cursors.py,first_prev_index,149
/home/xxm/Desktop/EMSE/dataset/sentry/src/sentry/utils/cursors.py,prev_value,149
/home/xxm/Desktop/EMSE/dataset/sentry/src/sentry/utils/cursors.py,prev_value,183
/home/xxm/Desktop/EMSE/dataset/sentry/src/sentry/utils/cursors.py,is_larger,183
/home/xxm/Desktop/EMSE/dataset/sentry/src/sentry/utils/cursors.py,is_larger,188
/home/xxm/Desktop/EMSE/dataset/sentry/src/sentry/utils/cursors.py,prev_value,193
/home/xxm/Desktop/EMSE/dataset/sentry/src/sentry/utils/cursors.py,prev_value,161
/home/xxm/Desktop/EMSE/dataset/sentry/src/sentry/utils/cursors.py,prev_value,156
/home/xxm/Desktop/EMSE/dataset/sentry/src/sentry/utils/cursors.py,prev_value,184
/home/xxm/Desktop/EMSE/dataset/sentry/src/sentry/utils/cursors.py,is_smaller,184
/home/xxm/Desktop/EMSE/dataset/sentry/src/sentry/utils/cursors.py,is_smaller,188
/home/xxm/Desktop/EMSE/dataset/sentry/src/sentry/utils/cursors.py,prev_value,159
/home/xxm/Desktop/EMSE/dataset/sentry/src/sentry/utils/cursors.py,has_prev,161
/home/xxm/Desktop/EMSE/dataset/sentry/src/sentry/utils/cursors.py,has_prev,156
/home/xxm/Desktop/EMSE/dataset/sentry/src/social_auth/backends/__init__.py,unauthed_tokens,446
/home/xxm/Desktop/EMSE/dataset/sentry/src/social_auth/backends/__init__.py,unauthed_tokens,445
/home/xxm/Desktop/EMSE/dataset/sentry/src/sentry/rules/base.py,data,74
/home/xxm/Desktop/EMSE/dataset/sentry/src/sentry/lang/javascript/processor.py,in_app,768
/home/xxm/Desktop/EMSE/dataset/sentry/src/sentry/lang/javascript/processor.py,in_app,767
/home/xxm/Desktop/EMSE/dataset/sentry/src/sentry/lang/javascript/processor.py,in_app,766
/home/xxm/Desktop/EMSE/dataset/sentry/src/sentry/lang/javascript/processor.py,error,386
/home/xxm/Desktop/EMSE/dataset/sentry/src/sentry/lang/javascript/processor.py,error,321
/home/xxm/Desktop/EMSE/dataset/sentry/src/sentry/lang/javascript/processor.py,error,400
/home/xxm/Desktop/EMSE/dataset/sentry/src/sentry/web/api.py,minidump_name,858
/home/xxm/Desktop/EMSE/dataset/sentry/src/sentry_plugins/jira/plugin.py,project_choices,591
/home/xxm/Desktop/EMSE/dataset/sentry/src/sentry_plugins/jira/plugin.py,v,469
/home/xxm/Desktop/EMSE/dataset/sentry/src/sentry_plugins/jira/plugin.py,issue_type_choices,565
/home/xxm/Desktop/EMSE/dataset/sentry/src/sentry_plugins/jira/plugin.py,default_issue_type,565
/home/xxm/Desktop/EMSE/dataset/sentry/src/sentry_plugins/jira/plugin.py,priority_choices,608
/home/xxm/Desktop/EMSE/dataset/sentry/src/sentry/db/models/fields/node.py,to_write,151
/home/xxm/Desktop/EMSE/dataset/sentry/src/sentry/api/endpoints/organization_stats.py,keys,103
/home/xxm/Desktop/EMSE/dataset/sentry/src/sentry/api/endpoints/organization_stats.py,keys,66
/home/xxm/Desktop/EMSE/dataset/sentry/src/sentry/api/endpoints/organization_stats.py,keys,68
/home/xxm/Desktop/EMSE/dataset/sentry/src/sentry/runner/commands/start.py,port,62
/home/xxm/Desktop/EMSE/dataset/sentry/tests/snuba/api/endpoints/test_discover_saved_queries.py,values,140
/home/xxm/Desktop/EMSE/dataset/sentry/src/sentry/auth/providers/google/provider.py,version,47
/home/xxm/Desktop/EMSE/dataset/sentry/src/sentry/api/endpoints/organization_invite_request_details.py,serializer,136
/home/xxm/Desktop/EMSE/dataset/sentry/src/sentry/api/endpoints/organization_invite_request_details.py,result,136
/home/xxm/Desktop/EMSE/dataset/sentry/src/sentry/api/endpoints/organization_invite_request_details.py,result,138
/home/xxm/Desktop/EMSE/dataset/sentry/src/sentry/api/endpoints/organization_invite_request_details.py,serializer,133
/home/xxm/Desktop/EMSE/dataset/sentry/src/sentry/api/endpoints/organization_invite_request_details.py,serializer,134
/home/xxm/Desktop/EMSE/dataset/sentry/src/sentry_plugins/heroku/plugin.py,choices,126
/home/xxm/Desktop/EMSE/dataset/sentry/src/sentry_plugins/heroku/plugin.py,choices,119
/home/xxm/Desktop/EMSE/dataset/sentry/tests/snuba/search/test_backend.py,search_filters,181
/home/xxm/Desktop/EMSE/dataset/sentry/src/sentry/testutils/cases.py,which,725
/home/xxm/Desktop/EMSE/dataset/sentry/src/sentry/testutils/cases.py,item,725
/home/xxm/Desktop/EMSE/dataset/sentry/src/sentry/testutils/cases.py,item,729
/home/xxm/Desktop/EMSE/dataset/sentry/src/sentry/testutils/cases.py,which,723
/home/xxm/Desktop/EMSE/dataset/sentry/src/sentry/testutils/cases.py,which,722
/home/xxm/Desktop/EMSE/dataset/sentry/src/sentry/api/serializers/models/pullrequest.py,external_url,38
/home/xxm/Desktop/EMSE/dataset/sentry/src/sentry/integrations/gitlab/search.py,iids,40
/home/xxm/Desktop/EMSE/dataset/sentry/src/sentry/integrations/gitlab/search.py,response,40
/home/xxm/Desktop/EMSE/dataset/sentry/src/sentry/integrations/gitlab/search.py,response,50
/home/xxm/Desktop/EMSE/dataset/sentry/src/sentry/grouping/api.py,precedence_hint,162
/home/xxm/Desktop/EMSE/dataset/sentry/src/sentry/grouping/api.py,precedence_hint,161
/home/xxm/Desktop/EMSE/dataset/sentry/src/sentry/grouping/api.py,precedence_hint,156
/home/xxm/Desktop/EMSE/dataset/sentry/src/sentry/event_manager.py,cached_reports,1303
/home/xxm/Desktop/EMSE/dataset/sentry/src/sentry/event_manager.py,cached_reports,1286
/home/xxm/Desktop/EMSE/dataset/sentry/src/sentry/event_manager.py,stored_reports,1286
/home/xxm/Desktop/EMSE/dataset/sentry/src/sentry/event_manager.py,stored_reports,1293
/home/xxm/Desktop/EMSE/dataset/sentry/src/sentry/event_manager.py,stored_reports,1295
/home/xxm/Desktop/EMSE/dataset/sentry/src/sentry/event_manager.py,stored_reports,1303
/home/xxm/Desktop/EMSE/dataset/sentry/src/sentry/event_manager.py,key_id,693
/home/xxm/Desktop/EMSE/dataset/sentry/src/sentry/snuba/discover.py,ordering,530
/home/xxm/Desktop/EMSE/dataset/sentry/src/sentry/snuba/discover.py,ordering,526
/home/xxm/Desktop/EMSE/dataset/sentry/src/sentry/snuba/discover.py,start,113
/home/xxm/Desktop/EMSE/dataset/sentry/src/sentry/snuba/discover.py,ordering,531
/home/xxm/Desktop/EMSE/dataset/sentry/src/sentry/snuba/discover.py,end,114
/home/xxm/Desktop/EMSE/dataset/sentry/src/sentry/snuba/discover.py,orderby,522
/home/xxm/Desktop/EMSE/dataset/sentry/src/sentry/snuba/discover.py,ordering,522
/home/xxm/Desktop/EMSE/dataset/sentry/src/sentry/snuba/discover.py,ordering,524
/home/xxm/Desktop/EMSE/dataset/sentry/src/sentry/snuba/discover.py,ordering,523
/home/xxm/Desktop/EMSE/dataset/sentry/src/sentry/snuba/discover.py,is_reversed,523
/home/xxm/Desktop/EMSE/dataset/sentry/src/sentry/snuba/discover.py,is_reversed,530
/home/xxm/Desktop/EMSE/dataset/sentry/src/sentry/snuba/discover.py,ordering,530
/home/xxm/Desktop/EMSE/dataset/sentry/src/sentry/snuba/discover.py,ordering,531
/home/xxm/Desktop/EMSE/dataset/sentry/src/sentry/snuba/discover.py,bucket_size,222
/home/xxm/Desktop/EMSE/dataset/sentry/src/sentry/snuba/discover.py,offset,222
/home/xxm/Desktop/EMSE/dataset/sentry/src/sentry/snuba/discover.py,offset,224
/home/xxm/Desktop/EMSE/dataset/sentry/src/sentry/snuba/discover.py,bucket_size,224
/home/xxm/Desktop/EMSE/dataset/sentry/src/sentry/eventstream/kafka/backend.py,headers,63
/home/xxm/Desktop/EMSE/dataset/sentry/src/sentry/api/bases/organization.py,projects,229
/home/xxm/Desktop/EMSE/dataset/sentry/src/sentry/api/bases/organization.py,project_ids,229
/home/xxm/Desktop/EMSE/dataset/sentry/src/sentry/api/bases/organization.py,project_ids,231
/home/xxm/Desktop/EMSE/dataset/sentry/src/sentry/api/bases/organization.py,projects,234
/home/xxm/Desktop/EMSE/dataset/sentry/src/bitfield/models.py,flags,101
/home/xxm/Desktop/EMSE/dataset/sentry/src/bitfield/models.py,flags,98
/home/xxm/Desktop/EMSE/dataset/sentry/src/bitfield/models.py,flags,102
/home/xxm/Desktop/EMSE/dataset/sentry/src/sentry/utils/email.py,headers,273
/home/xxm/Desktop/EMSE/dataset/sentry/src/sentry/utils/email.py,headers,280
/home/xxm/Desktop/EMSE/dataset/sentry/src/sentry/utils/email.py,headers,282
/home/xxm/Desktop/EMSE/dataset/sentry/src/sentry_plugins/jira_ac/views.py,form_context,104
/home/xxm/Desktop/EMSE/dataset/sentry/src/sentry_plugins/jira_ac/views.py,form,104
/home/xxm/Desktop/EMSE/dataset/sentry/src/sentry_plugins/jira_ac/views.py,form,106
/home/xxm/Desktop/EMSE/dataset/sentry/src/sentry_plugins/bitbucket/repository_provider.py,res,137
/home/xxm/Desktop/EMSE/dataset/sentry/src/sentry_plugins/bitbucket/repository_provider.py,res,130
/home/xxm/Desktop/EMSE/dataset/sentry/src/sentry/api/bases/organizationissues.py,stats_period,57
/home/xxm/Desktop/EMSE/dataset/sentry/src/sentry/api/helpers/group_index.py,group_list,862
/home/xxm/Desktop/EMSE/dataset/sentry/src/sentry/api/helpers/group_index.py,group,862
/home/xxm/Desktop/EMSE/dataset/sentry/src/sentry/api/helpers/group_index.py,group,866
/home/xxm/Desktop/EMSE/dataset/sentry/src/sentry/api/helpers/group_index.py,group,863
/home/xxm/Desktop/EMSE/dataset/sentry/src/sentry/api/helpers/group_index.py,group,867
/home/xxm/Desktop/EMSE/dataset/sentry/src/sentry/api/helpers/group_index.py,group_list,796
/home/xxm/Desktop/EMSE/dataset/sentry/src/sentry/api/helpers/group_index.py,group,796
/home/xxm/Desktop/EMSE/dataset/sentry/src/sentry/api/helpers/group_index.py,group,799
/home/xxm/Desktop/EMSE/dataset/sentry/src/sentry/api/helpers/group_index.py,group_list,893
/home/xxm/Desktop/EMSE/dataset/sentry/src/sentry/api/helpers/group_index.py,group_list,824
/home/xxm/Desktop/EMSE/dataset/sentry/src/sentry/api/helpers/group_index.py,group,824
/home/xxm/Desktop/EMSE/dataset/sentry/src/sentry/api/helpers/group_index.py,group,826
/home/xxm/Desktop/EMSE/dataset/sentry/src/sentry/api/helpers/group_index.py,group,829
/home/xxm/Desktop/EMSE/dataset/sentry/src/sentry/api/helpers/group_index.py,group_list,767
/home/xxm/Desktop/EMSE/dataset/sentry/src/sentry/api/helpers/group_index.py,group,767
/home/xxm/Desktop/EMSE/dataset/sentry/src/sentry/api/helpers/group_index.py,group,790
/home/xxm/Desktop/EMSE/dataset/sentry/src/sentry/api/helpers/group_index.py,group,772
/home/xxm/Desktop/EMSE/dataset/sentry/src/sentry/api/helpers/group_index.py,group,771
/home/xxm/Desktop/EMSE/dataset/sentry/src/sentry/api/helpers/group_index.py,group,768
/home/xxm/Desktop/EMSE/dataset/sentry/src/sentry/api/helpers/group_index.py,group,783
/home/xxm/Desktop/EMSE/dataset/sentry/src/sentry/api/helpers/group_index.py,group_list,611
/home/xxm/Desktop/EMSE/dataset/sentry/src/sentry/api/helpers/group_index.py,group,611
/home/xxm/Desktop/EMSE/dataset/sentry/src/sentry/api/helpers/group_index.py,group,652
/home/xxm/Desktop/EMSE/dataset/sentry/src/sentry/api/helpers/group_index.py,group,651
/home/xxm/Desktop/EMSE/dataset/sentry/src/sentry/api/helpers/group_index.py,group,642
/home/xxm/Desktop/EMSE/dataset/sentry/src/sentry/api/helpers/group_index.py,group,629
/home/xxm/Desktop/EMSE/dataset/sentry/src/sentry/api/helpers/group_index.py,group,636
/home/xxm/Desktop/EMSE/dataset/sentry/src/sentry/api/helpers/group_index.py,affected,636
/home/xxm/Desktop/EMSE/dataset/sentry/src/sentry/api/helpers/group_index.py,affected,640
/home/xxm/Desktop/EMSE/dataset/sentry/src/sentry/api/helpers/group_index.py,created,640
/home/xxm/Desktop/EMSE/dataset/sentry/src/sentry/api/helpers/group_index.py,created,649
/home/xxm/Desktop/EMSE/dataset/sentry/src/sentry/api/helpers/group_index.py,group,643
/home/xxm/Desktop/EMSE/dataset/sentry/src/sentry/api/helpers/group_index.py,group,673
/home/xxm/Desktop/EMSE/dataset/sentry/src/sentry/api/helpers/group_index.py,group,666
/home/xxm/Desktop/EMSE/dataset/sentry/src/sentry/api/helpers/group_index.py,group,622
/home/xxm/Desktop/EMSE/dataset/sentry/src/sentry/api/helpers/group_index.py,group,667
/home/xxm/Desktop/EMSE/dataset/sentry/src/sentry/api/helpers/group_index.py,group,630
/home/xxm/Desktop/EMSE/dataset/sentry/src/sentry/api/helpers/group_index.py,group,645
/home/xxm/Desktop/EMSE/dataset/sentry/src/sentry/api/helpers/group_index.py,assigned_to,645
/home/xxm/Desktop/EMSE/dataset/sentry/src/sentry/api/helpers/group_index.py,assigned_to,646
/home/xxm/Desktop/EMSE/dataset/sentry/src/sentry/api/helpers/group_index.py,assigned_to,647
/home/xxm/Desktop/EMSE/dataset/sentry/src/sentry/api/helpers/group_index.py,group_list,888
/home/xxm/Desktop/EMSE/dataset/sentry/src/sentry/api/helpers/group_index.py,group_list,811
/home/xxm/Desktop/EMSE/dataset/sentry/src/sentry/api/helpers/group_index.py,group,811
/home/xxm/Desktop/EMSE/dataset/sentry/src/sentry/api/helpers/group_index.py,group,815
/home/xxm/Desktop/EMSE/dataset/sentry/src/sentry/api/helpers/group_index.py,group,812
/home/xxm/Desktop/EMSE/dataset/sentry/src/sentry/api/helpers/group_index.py,group,817
/home/xxm/Desktop/EMSE/dataset/sentry/src/sentry/api/helpers/group_index.py,group_list,753
/home/xxm/Desktop/EMSE/dataset/sentry/src/sentry/api/helpers/group_index.py,group,753
/home/xxm/Desktop/EMSE/dataset/sentry/src/sentry/api/helpers/group_index.py,group,754
/home/xxm/Desktop/EMSE/dataset/sentry/src/sentry/api/helpers/group_index.py,group_list,702
/home/xxm/Desktop/EMSE/dataset/sentry/src/sentry/api/helpers/group_index.py,group,702
/home/xxm/Desktop/EMSE/dataset/sentry/src/sentry/api/helpers/group_index.py,group,705
/home/xxm/Desktop/EMSE/dataset/sentry/src/sentry/api/helpers/group_index.py,group,707
/home/xxm/Desktop/EMSE/dataset/sentry/src/sentry/api/helpers/group_index.py,group,709
/home/xxm/Desktop/EMSE/dataset/sentry/src/sentry/api/helpers/group_index.py,group_list,500
/home/xxm/Desktop/EMSE/dataset/sentry/src/sentry/api/helpers/group_index.py,group_project_ids,500
/home/xxm/Desktop/EMSE/dataset/sentry/src/sentry/api/helpers/group_index.py,group_project_ids,502
/home/xxm/Desktop/EMSE/dataset/sentry/src/sentry/api/helpers/group_index.py,projects,502
/home/xxm/Desktop/EMSE/dataset/sentry/src/sentry/api/helpers/group_index.py,projects,808
/home/xxm/Desktop/EMSE/dataset/sentry/src/sentry/api/helpers/group_index.py,projects,519
/home/xxm/Desktop/EMSE/dataset/sentry/src/sentry/api/helpers/group_index.py,projects,548
/home/xxm/Desktop/EMSE/dataset/sentry/src/sentry/api/helpers/group_index.py,projects,527
/home/xxm/Desktop/EMSE/dataset/sentry/src/sentry/api/helpers/group_index.py,projects,756
/home/xxm/Desktop/EMSE/dataset/sentry/src/sentry/api/helpers/group_index.py,project,756
/home/xxm/Desktop/EMSE/dataset/sentry/src/sentry/api/helpers/group_index.py,project,757
/home/xxm/Desktop/EMSE/dataset/sentry/src/sentry/api/helpers/group_index.py,project_groups,757
/home/xxm/Desktop/EMSE/dataset/sentry/src/sentry/api/helpers/group_index.py,project_groups,762
/home/xxm/Desktop/EMSE/dataset/sentry/src/sentry/api/helpers/group_index.py,project,760
/home/xxm/Desktop/EMSE/dataset/sentry/src/sentry/api/helpers/group_index.py,projects,509
/home/xxm/Desktop/EMSE/dataset/sentry/src/sentry/api/helpers/group_index.py,projects,890
/home/xxm/Desktop/EMSE/dataset/sentry/src/sentry/api/helpers/group_index.py,projects,602
/home/xxm/Desktop/EMSE/dataset/sentry/src/sentry/api/helpers/group_index.py,projects,568
/home/xxm/Desktop/EMSE/dataset/sentry/src/sentry/api/helpers/group_index.py,group_list,737
/home/xxm/Desktop/EMSE/dataset/sentry/src/sentry/api/helpers/group_index.py,group_list,839
/home/xxm/Desktop/EMSE/dataset/sentry/src/sentry/api/helpers/group_index.py,group,839
/home/xxm/Desktop/EMSE/dataset/sentry/src/sentry/api/helpers/group_index.py,group,850
/home/xxm/Desktop/EMSE/dataset/sentry/src/sentry/api/helpers/group_index.py,group,849
/home/xxm/Desktop/EMSE/dataset/sentry/src/sentry/api/helpers/group_index.py,group_list,873
/home/xxm/Desktop/EMSE/dataset/sentry/src/sentry/api/helpers/group_index.py,group,873
/home/xxm/Desktop/EMSE/dataset/sentry/src/sentry/api/helpers/group_index.py,group,875
/home/xxm/Desktop/EMSE/dataset/sentry/src/sentry/api/helpers/group_index.py,group,881
/home/xxm/Desktop/EMSE/dataset/sentry/src/sentry/api/helpers/group_index.py,group,880
/home/xxm/Desktop/EMSE/dataset/sentry/src/sentry/api/helpers/group_index.py,group_list,804
/home/xxm/Desktop/EMSE/dataset/sentry/src/sentry/api/helpers/group_index.py,group,804
/home/xxm/Desktop/EMSE/dataset/sentry/src/sentry/api/helpers/group_index.py,group,805
/home/xxm/Desktop/EMSE/dataset/sentry/src/sentry/api/helpers/group_index.py,ignore_until,746
/home/xxm/Desktop/EMSE/dataset/sentry/src/sentry/api/helpers/group_index.py,ignore_until,711
/home/xxm/Desktop/EMSE/dataset/sentry/src/sentry/api/helpers/group_index.py,ignore_until,724
/home/xxm/Desktop/EMSE/dataset/sentry/src/sentry/api/helpers/group_index.py,group_list,496
/home/xxm/Desktop/EMSE/dataset/sentry/src/sentry/api/helpers/group_index.py,group_ids,496
/home/xxm/Desktop/EMSE/dataset/sentry/src/sentry/api/helpers/group_index.py,group_ids,498
/home/xxm/Desktop/EMSE/dataset/sentry/src/sentry/api/helpers/group_index.py,is_bulk,498
/home/xxm/Desktop/EMSE/dataset/sentry/src/sentry/api/helpers/group_index.py,is_bulk,779
/home/xxm/Desktop/EMSE/dataset/sentry/src/sentry/api/helpers/group_index.py,is_bulk,660
/home/xxm/Desktop/EMSE/dataset/sentry/src/sentry/api/helpers/group_index.py,group_ids,832
/home/xxm/Desktop/EMSE/dataset/sentry/src/sentry/api/helpers/group_index.py,group_ids,821
/home/xxm/Desktop/EMSE/dataset/sentry/src/sentry/api/helpers/group_index.py,group_ids,731
/home/xxm/Desktop/EMSE/dataset/sentry/src/sentry/api/helpers/group_index.py,group_ids,504
/home/xxm/Desktop/EMSE/dataset/sentry/src/sentry/api/helpers/group_index.py,queryset,504
/home/xxm/Desktop/EMSE/dataset/sentry/src/sentry/api/helpers/group_index.py,queryset,682
/home/xxm/Desktop/EMSE/dataset/sentry/src/sentry/api/helpers/group_index.py,happened,682
/home/xxm/Desktop/EMSE/dataset/sentry/src/sentry/api/helpers/group_index.py,happened,737
/home/xxm/Desktop/EMSE/dataset/sentry/src/sentry/api/helpers/group_index.py,queryset,509
/home/xxm/Desktop/EMSE/dataset/sentry/src/sentry/api/helpers/group_index.py,group_ids,684
/home/xxm/Desktop/EMSE/dataset/sentry/src/sentry/stacktraces/processing.py,date,135
/home/xxm/Desktop/EMSE/dataset/sentry/src/sentry/utils/pytest/fixtures.py,_snapshot_writeback,296
/home/xxm/Desktop/EMSE/dataset/sentry/src/sentry/utils/pytest/fixtures.py,_snapshot_writeback,302
/home/xxm/Desktop/EMSE/dataset/sentry/src/sentry/interfaces/exception.py,mechanism,246
/home/xxm/Desktop/EMSE/dataset/sentry/src/sentry_plugins/github/endpoints/webhook.py,organizations,261
/home/xxm/Desktop/EMSE/dataset/sentry/src/sentry_plugins/github/endpoints/webhook.py,org,261
/home/xxm/Desktop/EMSE/dataset/sentry/src/sentry_plugins/github/endpoints/webhook.py,org,262
/home/xxm/Desktop/EMSE/dataset/sentry/src/sentry/api/endpoints/project_search_details.py,serializer,72
/home/xxm/Desktop/EMSE/dataset/sentry/src/sentry/api/endpoints/project_search_details.py,result,72
/home/xxm/Desktop/EMSE/dataset/sentry/src/sentry/api/endpoints/project_search_details.py,result,78
/home/xxm/Desktop/EMSE/dataset/sentry/src/sentry/api/endpoints/project_search_details.py,result,75
/home/xxm/Desktop/EMSE/dataset/sentry/src/sentry/api/endpoints/project_search_details.py,result,79
/home/xxm/Desktop/EMSE/dataset/sentry/src/sentry/api/endpoints/project_search_details.py,result,80
/home/xxm/Desktop/EMSE/dataset/sentry/src/sentry/api/endpoints/project_search_details.py,result,85
/home/xxm/Desktop/EMSE/dataset/sentry/src/sentry/api/endpoints/project_search_details.py,result,77
/home/xxm/Desktop/EMSE/dataset/sentry/src/sentry/api/endpoints/project_search_details.py,result,76
/home/xxm/Desktop/EMSE/dataset/sentry/src/sentry/api/endpoints/project_search_details.py,result,90
/home/xxm/Desktop/EMSE/dataset/sentry/src/sentry/api/endpoints/project_search_details.py,serializer,69
/home/xxm/Desktop/EMSE/dataset/sentry/src/sentry/api/endpoints/project_search_details.py,serializer,70
/home/xxm/Desktop/EMSE/dataset/sentry/src/sentry/quotas/base.py,categories,129
/home/xxm/Desktop/EMSE/dataset/sentry/src/sentry/quotas/base.py,quota,341
/home/xxm/Desktop/EMSE/dataset/sentry/src/sentry_plugins/splunk/plugin.py,cls,68
/home/xxm/Desktop/EMSE/dataset/sentry/src/sentry/api/endpoints/organization_user_issues.py,tags,40
/home/xxm/Desktop/EMSE/dataset/sentry/src/sentry/api/endpoints/organization_member_unreleased_commits.py,repos,79
/home/xxm/Desktop/EMSE/dataset/sentry/src/sentry/utils/http.py,domain_matches,200
/home/xxm/Desktop/EMSE/dataset/sentry/src/sentry/search/snuba/backend.py,retention_window_start,170
/home/xxm/Desktop/EMSE/dataset/sentry/src/sentry/search/snuba/backend.py,retention_window_start,186
/home/xxm/Desktop/EMSE/dataset/sentry/src/sentry_plugins/redmine/forms.py,has_credentials,47
/home/xxm/Desktop/EMSE/dataset/sentry/src/sentry_plugins/redmine/forms.py,has_credentials,64
