/home/xxm/Desktop/EMSE/dataset/mitmproxy/mitmproxy/tools/console/window.py,.home.xxm.Desktop.EMSE.dataset.mitmproxy.mitmproxy.tools.console.window.Window.refresh,var,w,None,181,        w = None
/home/xxm/Desktop/EMSE/dataset/mitmproxy/mitmproxy/tools/console/window.py,.home.xxm.Desktop.EMSE.dataset.mitmproxy.mitmproxy.tools.console.window.Window.refresh,var,w,StackWidget,183,            w = wrapped(0)
/home/xxm/Desktop/EMSE/dataset/mitmproxy/mitmproxy/addons/session.py,.home.xxm.Desktop.EMSE.dataset.mitmproxy.mitmproxy.addons.session.SessionDB.retrieve_flow,var,sql,None,180,"                sql = ""SELECT f.content, b.type_id, b.content "" \"
/home/xxm/Desktop/EMSE/dataset/mitmproxy/mitmproxy/addons/session.py,.home.xxm.Desktop.EMSE.dataset.mitmproxy.mitmproxy.addons.session.SessionDB.retrieve_flow,var,sql,str,175,"                sql = ""SELECT f.content, b.type_id, b.content "" \"
/home/xxm/Desktop/EMSE/dataset/mitmproxy/test/mitmproxy/addons/test_command_history.py,.home.xxm.Desktop.EMSE.dataset.mitmproxy.test.mitmproxy.addons.test_command_history.TestCommandHistory.test_multiple_inst,var,saved_commands,None,184,            saved_commands = i.get_history()
/home/xxm/Desktop/EMSE/dataset/mitmproxy/test/mitmproxy/addons/test_command_history.py,.home.xxm.Desktop.EMSE.dataset.mitmproxy.test.mitmproxy.addons.test_command_history.TestCommandHistory.test_multiple_inst,var,saved_commands,None,188,        saved_commands = instances[0].get_history()
/home/xxm/Desktop/EMSE/dataset/mitmproxy/test/mitmproxy/addons/test_command_history.py,.home.xxm.Desktop.EMSE.dataset.mitmproxy.test.mitmproxy.addons.test_command_history.TestCommandHistory.test_multiple_inst,var,saved_commands,None,195,        saved_commands = instances[1].get_history()
/home/xxm/Desktop/EMSE/dataset/mitmproxy/test/mitmproxy/addons/test_command_history.py,.home.xxm.Desktop.EMSE.dataset.mitmproxy.test.mitmproxy.addons.test_command_history.TestCommandHistory.test_multiple_inst,var,saved_commands,None,197,        saved_commands = instances[2].get_history()
/home/xxm/Desktop/EMSE/dataset/mitmproxy/test/mitmproxy/addons/test_command_history.py,.home.xxm.Desktop.EMSE.dataset.mitmproxy.test.mitmproxy.addons.test_command_history.TestCommandHistory.test_multiple_inst,var,saved_commands,None,204,        saved_commands = instances[1].get_history()
/home/xxm/Desktop/EMSE/dataset/mitmproxy/test/mitmproxy/addons/test_command_history.py,.home.xxm.Desktop.EMSE.dataset.mitmproxy.test.mitmproxy.addons.test_command_history.TestCommandHistory.test_multiple_inst,var,saved_commands,None,207,        saved_commands = instances[0].get_history()
/home/xxm/Desktop/EMSE/dataset/mitmproxy/test/mitmproxy/addons/test_command_history.py,.home.xxm.Desktop.EMSE.dataset.mitmproxy.test.mitmproxy.addons.test_command_history.TestCommandHistory.test_multiple_inst,var,saved_commands,None,211,        saved_commands = instances[2].get_history()
/home/xxm/Desktop/EMSE/dataset/mitmproxy/test/mitmproxy/addons/test_command_history.py,.home.xxm.Desktop.EMSE.dataset.mitmproxy.test.mitmproxy.addons.test_command_history.TestCommandHistory.test_multiple_inst,var,saved_commands,None,215,        saved_commands = instances[2].get_history()
/home/xxm/Desktop/EMSE/dataset/mitmproxy/test/mitmproxy/addons/test_command_history.py,.home.xxm.Desktop.EMSE.dataset.mitmproxy.test.mitmproxy.addons.test_command_history.TestCommandHistory.test_multiple_inst,var,saved_commands,None,219,        saved_commands = instances[0].get_history()
/home/xxm/Desktop/EMSE/dataset/mitmproxy/test/mitmproxy/addons/test_command_history.py,.home.xxm.Desktop.EMSE.dataset.mitmproxy.test.mitmproxy.addons.test_command_history.TestCommandHistory.test_multiple_inst,var,saved_commands,None,224,        saved_commands = instances[3].get_history()
/home/xxm/Desktop/EMSE/dataset/mitmproxy/test/mitmproxy/addons/test_command_history.py,.home.xxm.Desktop.EMSE.dataset.mitmproxy.test.mitmproxy.addons.test_command_history.TestCommandHistory.test_multiple_inst,var,saved_commands,None,230,        saved_commands = instances[0].get_history()
/home/xxm/Desktop/EMSE/dataset/mitmproxy/test/mitmproxy/addons/test_command_history.py,.home.xxm.Desktop.EMSE.dataset.mitmproxy.test.mitmproxy.addons.test_command_history.TestCommandHistory.test_multiple_inst,var,saved_commands,None,234,        saved_commands = instances[0].get_history()
/home/xxm/Desktop/EMSE/dataset/mitmproxy/test/mitmproxy/addons/test_command_history.py,.home.xxm.Desktop.EMSE.dataset.mitmproxy.test.mitmproxy.addons.test_command_history.TestCommandHistory.test_multiple_inst,var,saved_commands,None,254,            saved_commands = i.get_history()
/home/xxm/Desktop/EMSE/dataset/mitmproxy/test/mitmproxy/addons/test_command_history.py,.home.xxm.Desktop.EMSE.dataset.mitmproxy.test.mitmproxy.addons.test_command_history.TestCommandHistory.test_multiple_inst,var,saved_commands,None,263,        saved_commands = instances[1].get_history()
/home/xxm/Desktop/EMSE/dataset/mitmproxy/test/mitmproxy/addons/test_command_history.py,.home.xxm.Desktop.EMSE.dataset.mitmproxy.test.mitmproxy.addons.test_command_history.TestCommandHistory.test_multiple_inst,var,saved_commands,[str],243,        saved_commands = [cmd.strip() for cmd in lines]
/home/xxm/Desktop/EMSE/dataset/mitmproxy/test/mitmproxy/addons/test_command_history.py,.home.xxm.Desktop.EMSE.dataset.mitmproxy.test.mitmproxy.addons.test_command_history.TestCommandHistory.test_multiple_inst,var,saved_commands,[str],271,        saved_commands = [cmd.strip() for cmd in lines]
/home/xxm/Desktop/EMSE/dataset/mitmproxy/mitmproxy/platform/pf.py,.home.xxm.Desktop.EMSE.dataset.mitmproxy.mitmproxy.platform.pf.looku,var,port,[str],39,"                port = s[1].split(""]"")"
/home/xxm/Desktop/EMSE/dataset/mitmproxy/mitmproxy/platform/pf.py,.home.xxm.Desktop.EMSE.dataset.mitmproxy.mitmproxy.platform.pf.looku,var,port,str,40,                port = port[0]
/home/xxm/Desktop/EMSE/dataset/mitmproxy/mitmproxy/platform/pf.py,.home.xxm.Desktop.EMSE.dataset.mitmproxy.mitmproxy.platform.pf.lookup,var,s,[str],25,            s = i.split()
/home/xxm/Desktop/EMSE/dataset/mitmproxy/mitmproxy/platform/pf.py,.home.xxm.Desktop.EMSE.dataset.mitmproxy.mitmproxy.platform.pf.lookup,var,s,[str],31,"                    s = s[4].split("":"")"
/home/xxm/Desktop/EMSE/dataset/mitmproxy/mitmproxy/platform/pf.py,.home.xxm.Desktop.EMSE.dataset.mitmproxy.mitmproxy.platform.pf.lookup,var,s,[str],36,            s = i.split()
/home/xxm/Desktop/EMSE/dataset/mitmproxy/mitmproxy/platform/pf.py,.home.xxm.Desktop.EMSE.dataset.mitmproxy.mitmproxy.platform.pf.lookup,var,s,[str],38,"                s = s[4].split(""["")"
/home/xxm/Desktop/EMSE/dataset/mitmproxy/mitmproxy/platform/pf.py,.home.xxm.Desktop.EMSE.dataset.mitmproxy.mitmproxy.platform.pf.lookup,var,s,str,15,    s = s.decode()
/home/xxm/Desktop/EMSE/dataset/mitmproxy/pathod/language/base.py,.home.xxm.Desktop.EMSE.dataset.mitmproxy.pathod.language.base.FixedLengthValue.__init__,var,lenguess,int,451,            lenguess = len(value.get_generator(Settings()))
/home/xxm/Desktop/EMSE/dataset/mitmproxy/pathod/language/base.py,.home.xxm.Desktop.EMSE.dataset.mitmproxy.pathod.language.base.FixedLengthValue.__init__,var,lenguess,None,449,        lenguess = None
/home/xxm/Desktop/EMSE/dataset/mitmproxy/examples/contrib/check_ssl_pinning.py,.home.xxm.Desktop.EMSE.dataset.mitmproxy.examples.contrib.check_ssl_pinning.monkey_dummy_cert,var,ss,[str],13,    ss = []
/home/xxm/Desktop/EMSE/dataset/mitmproxy/examples/contrib/check_ssl_pinning.py,.home.xxm.Desktop.EMSE.dataset.mitmproxy.examples.contrib.check_ssl_pinning.monkey_dummy_cert,var,ss,str,25,"    ss = b"", "".join(ss)"
/home/xxm/Desktop/EMSE/dataset/mitmproxy/mitmproxy/contrib/wbxml/ASWBXMLByteQueue.py,.home.xxm.Desktop.EMSE.dataset.mitmproxy.mitmproxy.contrib.wbxml.ASWBXMLByteQueue.ASWBXMLByteQueue.dequeueString,var,currentByte,int,81,            currentByte = 0x00
/home/xxm/Desktop/EMSE/dataset/mitmproxy/mitmproxy/contrib/wbxml/ASWBXMLByteQueue.py,.home.xxm.Desktop.EMSE.dataset.mitmproxy.mitmproxy.contrib.wbxml.ASWBXMLByteQueue.ASWBXMLByteQueue.dequeueString,var,currentByte,int,93,            currentByte = 0x00
/home/xxm/Desktop/EMSE/dataset/mitmproxy/mitmproxy/contrib/wbxml/ASWBXMLByteQueue.py,.home.xxm.Desktop.EMSE.dataset.mitmproxy.mitmproxy.contrib.wbxml.ASWBXMLByteQueue.ASWBXMLByteQueue.dequeueString,var,currentByte,None,89,                currentByte = self.dequeueAndLog()
/home/xxm/Desktop/EMSE/dataset/mitmproxy/mitmproxy/contrib/wbxml/ASWBXMLByteQueue.py,.home.xxm.Desktop.EMSE.dataset.mitmproxy.mitmproxy.contrib.wbxml.ASWBXMLByteQueue.ASWBXMLByteQueue.dequeueString,var,currentByte,None,96,                currentByte = self.dequeueAndLog()
/home/xxm/Desktop/EMSE/dataset/mitmproxy/mitmproxy/contrib/wbxml/ASWBXMLByteQueue.py,.home.xxm.Desktop.EMSE.dataset.mitmproxy.mitmproxy.contrib.wbxml.ASWBXMLByteQueue.ASWBXMLByteQueue.dequeueMultibyteI,var,singleByte,int,67,        singleByte = 0xFF
/home/xxm/Desktop/EMSE/dataset/mitmproxy/mitmproxy/contrib/wbxml/ASWBXMLByteQueue.py,.home.xxm.Desktop.EMSE.dataset.mitmproxy.mitmproxy.contrib.wbxml.ASWBXMLByteQueue.ASWBXMLByteQueue.dequeueMultibyteI,var,singleByte,None,74,                singleByte = self.dequeueAndLog()
/home/xxm/Desktop/EMSE/dataset/mitmproxy/mitmproxy/net/http/message.py,.home.xxm.Desktop.EMSE.dataset.mitmproxy.mitmproxy.net.http.message.Message._guess_encoding,var,enc,None,191,        enc = self._get_content_type_charset()
/home/xxm/Desktop/EMSE/dataset/mitmproxy/mitmproxy/net/http/message.py,.home.xxm.Desktop.EMSE.dataset.mitmproxy.mitmproxy.net.http.message.Message._guess_encoding,var,enc,str,194,"                enc = ""utf8"""
/home/xxm/Desktop/EMSE/dataset/mitmproxy/mitmproxy/net/http/message.py,.home.xxm.Desktop.EMSE.dataset.mitmproxy.mitmproxy.net.http.message.Message._guess_encoding,var,enc,str,200,"            enc = ""latin-1"""
/home/xxm/Desktop/EMSE/dataset/mitmproxy/mitmproxy/net/http/message.py,.home.xxm.Desktop.EMSE.dataset.mitmproxy.mitmproxy.net.http.message.Message._guess_encoding,var,enc,str,203,"            enc = ""gb18030"""
/home/xxm/Desktop/EMSE/dataset/mitmproxy/mitmproxy/net/http/message.py,.home.xxm.Desktop.EMSE.dataset.mitmproxy.mitmproxy.net.http.message.Messag,func,trailers,? -> ?,148,"    def trailers(self, h):"
/home/xxm/Desktop/EMSE/dataset/mitmproxy/mitmproxy/net/http/message.py,.home.xxm.Desktop.EMSE.dataset.mitmproxy.mitmproxy.net.http.message.Messag,func,trailers,Message -> None,138,    def trailers(self):
/home/xxm/Desktop/EMSE/dataset/mitmproxy/mitmproxy/net/http/message.py,.home.xxm.Desktop.EMSE.dataset.mitmproxy.mitmproxy.net.http.message.Messag,func,http_version,? -> ?,159,"    def http_version(self, http_version):"
/home/xxm/Desktop/EMSE/dataset/mitmproxy/mitmproxy/net/http/message.py,.home.xxm.Desktop.EMSE.dataset.mitmproxy.mitmproxy.net.http.message.Messag,func,http_version,Message -> None,152,    def http_version(self):
/home/xxm/Desktop/EMSE/dataset/mitmproxy/mitmproxy/net/http/message.py,.home.xxm.Desktop.EMSE.dataset.mitmproxy.mitmproxy.net.http.message.Messag,func,raw_content,{? -> ? | str},86,"    def raw_content(self, content):"
/home/xxm/Desktop/EMSE/dataset/mitmproxy/mitmproxy/net/http/message.py,.home.xxm.Desktop.EMSE.dataset.mitmproxy.mitmproxy.net.http.message.Messag,func,raw_content,Message -> None,77,    def raw_content(self) -> bytes:
/home/xxm/Desktop/EMSE/dataset/mitmproxy/mitmproxy/net/http/message.py,.home.xxm.Desktop.EMSE.dataset.mitmproxy.mitmproxy.net.http.message.Messag,func,headers,{? -> ? | Headers},73,"    def headers(self, h):"
/home/xxm/Desktop/EMSE/dataset/mitmproxy/mitmproxy/net/http/message.py,.home.xxm.Desktop.EMSE.dataset.mitmproxy.mitmproxy.net.http.message.Messag,func,headers,Message -> None,63,    def headers(self):
/home/xxm/Desktop/EMSE/dataset/mitmproxy/mitmproxy/net/http/message.py,.home.xxm.Desktop.EMSE.dataset.mitmproxy.mitmproxy.net.http.message.Messag,func,timestamp_start,Message -> None,163,    def timestamp_start(self):
/home/xxm/Desktop/EMSE/dataset/mitmproxy/mitmproxy/net/http/message.py,.home.xxm.Desktop.EMSE.dataset.mitmproxy.mitmproxy.net.http.message.Messag,func,timestamp_start,{? -> ? | int},170,"    def timestamp_start(self, timestamp_start):"
/home/xxm/Desktop/EMSE/dataset/mitmproxy/mitmproxy/net/http/message.py,.home.xxm.Desktop.EMSE.dataset.mitmproxy.mitmproxy.net.http.message.Messag,func,timestamp_end,Message -> None,174,    def timestamp_end(self):
/home/xxm/Desktop/EMSE/dataset/mitmproxy/mitmproxy/net/http/message.py,.home.xxm.Desktop.EMSE.dataset.mitmproxy.mitmproxy.net.http.message.Messag,func,timestamp_end,{? -> ? | int},181,"    def timestamp_end(self, timestamp_end):"
/home/xxm/Desktop/EMSE/dataset/mitmproxy/mitmproxy/master.py,.home.xxm.Desktop.EMSE.dataset.mitmproxy.mitmproxy.master.Mast,func,server,Master -> None,64,    def server(self):
/home/xxm/Desktop/EMSE/dataset/mitmproxy/mitmproxy/master.py,.home.xxm.Desktop.EMSE.dataset.mitmproxy.mitmproxy.master.Mast,func,server,{? -> ? | DummyServer | ProxyServer},68,"    def server(self, server):"
/home/xxm/Desktop/EMSE/dataset/mitmproxy/test/mitmproxy/contentviews/test_base.py,.home.xxm.Desktop.EMSE.dataset.mitmproxy.test.mitmproxy.contentviews.test_base.test_format_pairs,var,d,"[(str, str)]",21,"    d = [(""a"", ""c""), (""b"", ""d"")]"
/home/xxm/Desktop/EMSE/dataset/mitmproxy/test/mitmproxy/contentviews/test_base.py,.home.xxm.Desktop.EMSE.dataset.mitmproxy.test.mitmproxy.contentviews.test_base.test_format_pairs,var,d,"[(str, str)]",25,"    d = [(""abc"", """")]"
/home/xxm/Desktop/EMSE/dataset/mitmproxy/test/mitmproxy/contentviews/test_base.py,.home.xxm.Desktop.EMSE.dataset.mitmproxy.test.mitmproxy.contentviews.test_base.test_format_pairs,var,d,[?],29,    d = []
/home/xxm/Desktop/EMSE/dataset/mitmproxy/release/cibuild.py,.home.xxm.Desktop.EMSE.dataset.mitmproxy.release.cibuild.build_pyinstaller,var,PYINSTALLER_ARGS,[str],384,        PYINSTALLER_ARGS = [
/home/xxm/Desktop/EMSE/dataset/mitmproxy/release/cibuild.py,.home.xxm.Desktop.EMSE.dataset.mitmproxy.release.cibuild.build_pyinstaller,var,PYINSTALLER_ARGS,[?],389,        PYINSTALLER_ARGS = []
/home/xxm/Desktop/EMSE/dataset/mitmproxy/release/cibuild.py,.home.xxm.Desktop.EMSE.dataset.mitmproxy.release.cibuild.BuildEnviron.docker_tag,var,t,BuildEnviron -> {BuildEnviron -> str | BuildEnviron -> str},183,            t = self.version
/home/xxm/Desktop/EMSE/dataset/mitmproxy/release/cibuild.py,.home.xxm.Desktop.EMSE.dataset.mitmproxy.release.cibuild.BuildEnviron.docker_tag,var,t,str,181,"            t = ""dev"""
/home/xxm/Desktop/EMSE/dataset/mitmproxy/pathod/language/websockets.py,.home.xxm.Desktop.EMSE.dataset.mitmproxy.pathod.language.websockets.WebsocketFrame.values,var,bodygen,None,202,            bodygen = None
/home/xxm/Desktop/EMSE/dataset/mitmproxy/pathod/language/websockets.py,.home.xxm.Desktop.EMSE.dataset.mitmproxy.pathod.language.websockets.WebsocketFrame.values,var,bodygen,str,199,            bodygen = NESTED_LEADER + strutils.always_bytes(self.nested_frame.parsed.spec())
/home/xxm/Desktop/EMSE/dataset/mitmproxy/mitmproxy/coretypes/multidict.py,.home.xxm.Desktop.EMSE.dataset.mitmproxy.mitmproxy.coretypes.multidict.MultiDictView,func,fields,? -> ?,212,"    def fields(self, value):"
/home/xxm/Desktop/EMSE/dataset/mitmproxy/mitmproxy/coretypes/multidict.py,.home.xxm.Desktop.EMSE.dataset.mitmproxy.mitmproxy.coretypes.multidict.MultiDictView,func,fields,"MultiDictView -> {() | [(?, str)] | [?]}",208,    def fields(self):
/home/xxm/Desktop/EMSE/dataset/mitmproxy/mitmproxy/tools/console/overlay.py,.home.xxm.Desktop.EMSE.dataset.mitmproxy.mitmproxy.tools.console.overlay.Choice.__init__,var,txt,"{[{(str, ?) | str}] | [{(str, str) | str}]}",46,"            txt = [(selection_type, shortcut), "") "", txt]"
/home/xxm/Desktop/EMSE/dataset/mitmproxy/mitmproxy/tools/console/overlay.py,.home.xxm.Desktop.EMSE.dataset.mitmproxy.mitmproxy.tools.console.overlay.Choice.__init__,var,txt,str,48,"            txt = ""   "" + txt"
/home/xxm/Desktop/EMSE/dataset/mitmproxy/mitmproxy/tools/console/palettes.py,.home.xxm.Desktop.EMSE.dataset.mitmproxy.mitmproxy.tools.console.palettes.Palette.palette,var,high,list,71,                    high = list(self.high[i])
/home/xxm/Desktop/EMSE/dataset/mitmproxy/mitmproxy/tools/console/palettes.py,.home.xxm.Desktop.EMSE.dataset.mitmproxy.mitmproxy.tools.console.palettes.Palette.palette,var,high,[None],76,"                    high = [None, low[0], highback]"
/home/xxm/Desktop/EMSE/dataset/mitmproxy/pathod/protocols/http2.py,.home.xxm.Desktop.EMSE.dataset.mitmproxy.pathod.protocols.http2.HTTP2StateProtocol.read_respo,var,timestamp_end,int,148,            timestamp_end = time.time()
/home/xxm/Desktop/EMSE/dataset/mitmproxy/pathod/protocols/http2.py,.home.xxm.Desktop.EMSE.dataset.mitmproxy.pathod.protocols.http2.HTTP2StateProtocol.read_respo,var,timestamp_end,None,150,            timestamp_end = None
/home/xxm/Desktop/EMSE/dataset/mitmproxy/test/mitmproxy/proxy/test_server.py,.home.xxm.Desktop.EMSE.dataset.mitmproxy.test.mitmproxy.proxy.test_server.RewriteToHttp,func,request,"(RewriteToHttps, ?) -> None",1013,"    def request(self, f):"
/home/xxm/Desktop/EMSE/dataset/mitmproxy/test/mitmproxy/proxy/test_server.py,.home.xxm.Desktop.EMSE.dataset.mitmproxy.test.mitmproxy.proxy.test_server.RewriteToHttp,func,request,"(RewriteToHttp, ?) -> None",1005,"    def request(self, f):"
/home/xxm/Desktop/EMSE/dataset/mitmproxy/mitmproxy/net/http/response.py,.home.xxm.Desktop.EMSE.dataset.mitmproxy.mitmproxy.net.http.response.Resp,func,reason,{? -> ? | str},139,"    def reason(self, reason):"
/home/xxm/Desktop/EMSE/dataset/mitmproxy/mitmproxy/net/http/response.py,.home.xxm.Desktop.EMSE.dataset.mitmproxy.mitmproxy.net.http.response.Resp,func,reason,Response -> str,126,    def reason(self):
/home/xxm/Desktop/EMSE/dataset/mitmproxy/mitmproxy/net/http/response.py,.home.xxm.Desktop.EMSE.dataset.mitmproxy.mitmproxy.net.http.response.ResponseData.__init__,var,headers,Headers,34,            headers = nheaders.Headers(headers)
/home/xxm/Desktop/EMSE/dataset/mitmproxy/mitmproxy/net/http/response.py,.home.xxm.Desktop.EMSE.dataset.mitmproxy.mitmproxy.net.http.response.ResponseData.__init__,var,headers,(),23,"        headers=(),"
/home/xxm/Desktop/EMSE/dataset/mitmproxy/mitmproxy/net/http/response.py,.home.xxm.Desktop.EMSE.dataset.mitmproxy.mitmproxy.net.http.response.ResponseData.__init__,var,trailers,Headers,38,            trailers = nheaders.Headers(trailers)
/home/xxm/Desktop/EMSE/dataset/mitmproxy/mitmproxy/net/http/response.py,.home.xxm.Desktop.EMSE.dataset.mitmproxy.mitmproxy.net.http.response.ResponseData.__init__,var,trailers,None,25,"        trailers=None,"
/home/xxm/Desktop/EMSE/dataset/mitmproxy/mitmproxy/net/http/response.py,.home.xxm.Desktop.EMSE.dataset.mitmproxy.mitmproxy.net.http.response.ResponseData.__init__,var,reason,None,22,"        reason=None,"
/home/xxm/Desktop/EMSE/dataset/mitmproxy/mitmproxy/net/http/response.py,.home.xxm.Desktop.EMSE.dataset.mitmproxy.mitmproxy.net.http.response.ResponseData.__init__,var,reason,str,32,"            reason = reason.encode(""ascii"", ""strict"")"
/home/xxm/Desktop/EMSE/dataset/mitmproxy/mitmproxy/net/http/response.py,.home.xxm.Desktop.EMSE.dataset.mitmproxy.mitmproxy.net.http.response.ResponseData,var,http_version,"{(?, int, ?, Headers, None, None, int) | (HTTPResponse, ?, ?, ?, ?, ?, None) | (HTTPResponse, ?, int, str, Headers, str, None) | (HTTPResponse, str, ?, ?, Headers, str, None) | (HTTPResponse, str, int, ?, ?, ?, None) | (HTTPResponse, str, int, ?, Headers, str, None) | (HTTPResponse, str, int, str, Headers, str, None) | (str, int) | (str, int, ?, (), None) | (str, int, str, Headers, _HTTP2Message -> ?) | (str, int, str, Headers, str) | (str, int, str, dict, None, None) | ({HTTPResponse | str}, {int | str}, {int | str}, {Headers | str}, Headers, str, int)}",20,"        http_version,"
/home/xxm/Desktop/EMSE/dataset/mitmproxy/mitmproxy/net/http/response.py,.home.xxm.Desktop.EMSE.dataset.mitmproxy.mitmproxy.net.http.response.ResponseData,var,http_version,str,30,"            http_version = http_version.encode(""ascii"", ""strict"")"
/home/xxm/Desktop/EMSE/dataset/mitmproxy/mitmproxy/net/http/response.py,.home.xxm.Desktop.EMSE.dataset.mitmproxy.mitmproxy.net.http.response.Respon,func,status_code,? -> ?,122,"    def status_code(self, status_code):"
/home/xxm/Desktop/EMSE/dataset/mitmproxy/mitmproxy/net/http/response.py,.home.xxm.Desktop.EMSE.dataset.mitmproxy.mitmproxy.net.http.response.Respon,func,status_code,Response -> None,115,    def status_code(self):
/home/xxm/Desktop/EMSE/dataset/mitmproxy/mitmproxy/net/http/response.py,.home.xxm.Desktop.EMSE.dataset.mitmproxy.mitmproxy.net.http.response.Respon,func,cookies,Response -> MultiDictView,158,    def cookies(self) -> multidict.MultiDictView:
/home/xxm/Desktop/EMSE/dataset/mitmproxy/mitmproxy/net/http/response.py,.home.xxm.Desktop.EMSE.dataset.mitmproxy.mitmproxy.net.http.response.Respon,func,cookies,"{? -> ? | [[{(str, CookieAttrs) | str}]]}",175,"    def cookies(self, value):"
/home/xxm/Desktop/EMSE/dataset/mitmproxy/mitmproxy/optmanager.py,.home.xxm.Desktop.EMSE.dataset.mitmproxy.mitmproxy.optmanager._Option.current,var,v,object,53,            v = self.value
/home/xxm/Desktop/EMSE/dataset/mitmproxy/mitmproxy/optmanager.py,.home.xxm.Desktop.EMSE.dataset.mitmproxy.mitmproxy.optmanager._Option.current,var,v,_Option -> ?,51,            v = self.default
/home/xxm/Desktop/EMSE/dataset/mitmproxy/mitmproxy/optmanager.py,.home.xxm.Desktop.EMSE.dataset.mitmproxy.mitmproxy.optmanager.save,var,data,None,575,"    data = serialize(opts, data, defaults)"
/home/xxm/Desktop/EMSE/dataset/mitmproxy/mitmproxy/optmanager.py,.home.xxm.Desktop.EMSE.dataset.mitmproxy.mitmproxy.optmanager.save,var,data,str,568,                data = f.read()
/home/xxm/Desktop/EMSE/dataset/mitmproxy/mitmproxy/optmanager.py,.home.xxm.Desktop.EMSE.dataset.mitmproxy.mitmproxy.optmanager.save,var,data,str,574,"        data = """""
/home/xxm/Desktop/EMSE/dataset/mitmproxy/mitmproxy/optmanager.py,.home.xxm.Desktop.EMSE.dataset.mitmproxy.mitmproxy.optmanager.OptManag,func,setter,? -> ?,237,        def setter(x):
/home/xxm/Desktop/EMSE/dataset/mitmproxy/mitmproxy/optmanager.py,.home.xxm.Desktop.EMSE.dataset.mitmproxy.mitmproxy.optmanager.OptManag,func,setter,"(TO, str) -> int -> None / (OptManager, ?) -> ? -> ?",229,"    def setter(self, attr):"
/home/xxm/Desktop/EMSE/dataset/mitmproxy/mitmproxy/net/http/cookies.py,.home.xxm.Desktop.EMSE.dataset.mitmproxy.mitmproxy.net.http.cookies._read_cookie_pair,var,lhs,"{[(str, str, CookieAttrs)] | [[str]] | str}",114,"        lhs, off = _read_key(s, off)"
/home/xxm/Desktop/EMSE/dataset/mitmproxy/mitmproxy/net/http/cookies.py,.home.xxm.Desktop.EMSE.dataset.mitmproxy.mitmproxy.net.http.cookies._read_cookie_pair,var,lhs,str,115,        lhs = lhs.lstrip()
/home/xxm/Desktop/EMSE/dataset/mitmproxy/mitmproxy/net/http/cookies.py,.home.xxm.Desktop.EMSE.dataset.mitmproxy.mitmproxy.net.http.cookies._read_set_cookie_pair,var,lhs,str,143,        lhs = lhs.lstrip()
/home/xxm/Desktop/EMSE/dataset/mitmproxy/mitmproxy/net/http/cookies.py,.home.xxm.Desktop.EMSE.dataset.mitmproxy.mitmproxy.net.http.cookies._read_set_cookie_pair,var,lhs,{[[[str]]] | str},142,"        lhs, off = _read_key(s, off, "";=,"")"
/home/xxm/Desktop/EMSE/dataset/mitmproxy/mitmproxy/net/http/cookies.py,.home.xxm.Desktop.EMSE.dataset.mitmproxy.mitmproxy.net.http.cookies._read_set_cookie_pai,var,rhs,str,145,"        rhs = """""
/home/xxm/Desktop/EMSE/dataset/mitmproxy/mitmproxy/net/http/cookies.py,.home.xxm.Desktop.EMSE.dataset.mitmproxy.mitmproxy.net.http.cookies._read_set_cookie_pai,var,rhs,{[[[str]]] | str},147,"            rhs, off = _read_value(s, off + 1, "";,"")"
/home/xxm/Desktop/EMSE/dataset/mitmproxy/mitmproxy/net/http/cookies.py,.home.xxm.Desktop.EMSE.dataset.mitmproxy.mitmproxy.net.http.cookies._read_set_cookie_pai,var,rhs,{[[[str]]] | str},161,"                    rhs = rhs + "","" + trail"
/home/xxm/Desktop/EMSE/dataset/mitmproxy/mitmproxy/net/http/cookies.py,.home.xxm.Desktop.EMSE.dataset.mitmproxy.mitmproxy.net.http.cookies._read_cookie_pai,var,rhs,str,117,"        rhs = """""
/home/xxm/Desktop/EMSE/dataset/mitmproxy/mitmproxy/net/http/cookies.py,.home.xxm.Desktop.EMSE.dataset.mitmproxy.mitmproxy.net.http.cookies._read_cookie_pai,var,rhs,"{[(str, str, CookieAttrs)] | [[str]] | str}",119,"            rhs, off = _read_value(s, off + 1, "";"")"
/home/xxm/Desktop/EMSE/dataset/mitmproxy/test/mitmproxy/test_command.py,.home.xxm.Desktop.EMSE.dataset.mitmproxy.test.mitmproxy.test_command.test_collect_commands,var,a,TCmds,538,        a = TCmds()
/home/xxm/Desktop/EMSE/dataset/mitmproxy/test/mitmproxy/test_command.py,.home.xxm.Desktop.EMSE.dataset.mitmproxy.test.mitmproxy.test_command.test_collect_commands,var,a,TypeErrAddon,542,        a = TypeErrAddon()
/home/xxm/Desktop/EMSE/dataset/mitmproxy/mitmproxy/tools/console/grideditor/editors.py,.home.xxm.Desktop.EMSE.dataset.mitmproxy.mitmproxy.tools.console.grideditor.editors.DataViewer.__init__,var,vals,[str],221,                vals = [vals]
/home/xxm/Desktop/EMSE/dataset/mitmproxy/mitmproxy/tools/console/grideditor/editors.py,.home.xxm.Desktop.EMSE.dataset.mitmproxy.mitmproxy.tools.console.grideditor.editors.DataViewer.__init__,var,vals,[[str]],223,                vals = [[i] for i in vals]
/home/xxm/Desktop/EMSE/dataset/mitmproxy/pathod/pathod_cmdline.py,.home.xxm.Desktop.EMSE.dataset.mitmproxy.pathod.pathod_cmdline.args_pathod,var,parts,[str],191,"            parts = [""*"", parts[0]]"
/home/xxm/Desktop/EMSE/dataset/mitmproxy/pathod/pathod_cmdline.py,.home.xxm.Desktop.EMSE.dataset.mitmproxy.pathod.pathod_cmdline.args_pathod,var,parts,tuple,202,        parts = parse_anchor_spec(i)
/home/xxm/Desktop/EMSE/dataset/mitmproxy/pathod/pathod_cmdline.py,.home.xxm.Desktop.EMSE.dataset.mitmproxy.pathod.pathod_cmdline.args_pathod,var,sizelimit,int,211,            sizelimit = human.parse_size(args.sizelimit)
/home/xxm/Desktop/EMSE/dataset/mitmproxy/pathod/pathod_cmdline.py,.home.xxm.Desktop.EMSE.dataset.mitmproxy.pathod.pathod_cmdline.args_pathod,var,sizelimit,None,208,    sizelimit = None
/home/xxm/Desktop/EMSE/dataset/mitmproxy/test/mitmproxy/proxy/protocol/test_http2.py,.home.xxm.Desktop.EMSE.dataset.mitmproxy.test.mitmproxy.proxy.protocol.test_http2._Http2TestBase._send_request,var,headers,None,161,"                      headers=None,"
/home/xxm/Desktop/EMSE/dataset/mitmproxy/test/mitmproxy/proxy/protocol/test_http2.py,.home.xxm.Desktop.EMSE.dataset.mitmproxy.test.mitmproxy.proxy.protocol.test_http2._Http2TestBase._send_request,var,headers,[?],169,            headers = []
/home/xxm/Desktop/EMSE/dataset/mitmproxy/test/mitmproxy/proxy/protocol/test_http2.py,.home.xxm.Desktop.EMSE.dataset.mitmproxy.test.mitmproxy.proxy.protocol.test_http2._Http2TestBase._send_requ,var,end_stream,None,163,"                      end_stream=None,"
/home/xxm/Desktop/EMSE/dataset/mitmproxy/test/mitmproxy/proxy/protocol/test_http2.py,.home.xxm.Desktop.EMSE.dataset.mitmproxy.test.mitmproxy.proxy.protocol.test_http2._Http2TestBase._send_requ,var,end_stream,bool,171,            end_stream = (len(body) == 0)
/home/xxm/Desktop/EMSE/dataset/mitmproxy/mitmproxy/addons/view.py,.home.xxm.Desktop.EMSE.dataset.mitmproxy.mitmproxy.addons.view.Focus,func,index,Focus -> int,645,    def index(self) -> typing.Optional[int]:
/home/xxm/Desktop/EMSE/dataset/mitmproxy/mitmproxy/addons/view.py,.home.xxm.Desktop.EMSE.dataset.mitmproxy.mitmproxy.addons.view.Focus,func,index,{? -> ? | int},651,"    def index(self, idx):"
/home/xxm/Desktop/EMSE/dataset/mitmproxy/mitmproxy/addons/view.py,.home.xxm.Desktop.EMSE.dataset.mitmproxy.mitmproxy.addons.view.Focus,func,flow,Focus -> ?,634,    def flow(self) -> typing.Optional[mitmproxy.flow.Flow]:
/home/xxm/Desktop/EMSE/dataset/mitmproxy/mitmproxy/addons/view.py,.home.xxm.Desktop.EMSE.dataset.mitmproxy.mitmproxy.addons.view.Focus,func,flow,{? -> ? | HTTPFlow | None},638,"    def flow(self, f: typing.Optional[mitmproxy.flow.Flow]):"
/home/xxm/Desktop/EMSE/dataset/mitmproxy/mitmproxy/addons/view.py,.home.xxm.Desktop.EMSE.dataset.mitmproxy.mitmproxy.addons.view.View.get_,var,order,<list>,316,                order = k
/home/xxm/Desktop/EMSE/dataset/mitmproxy/mitmproxy/addons/view.py,.home.xxm.Desktop.EMSE.dataset.mitmproxy.mitmproxy.addons.view.View.get_,var,order,str,313,"        order = """""
/home/xxm/Desktop/EMSE/dataset/mitmproxy/mitmproxy/net/http/encoding.py,.home.xxm.Desktop.EMSE.dataset.mitmproxy.mitmproxy.net.http.encoding,var,encoded,{? -> ? | str},28,"    encoded: Optional[bytes], encoding: str, errors: str='strict'"
/home/xxm/Desktop/EMSE/dataset/mitmproxy/mitmproxy/net/http/encoding.py,.home.xxm.Desktop.EMSE.dataset.mitmproxy.mitmproxy.net.http.encoding,var,encoded,{None | str},94,            encoded = custom_encode[encoding](decoded)
/home/xxm/Desktop/EMSE/dataset/mitmproxy/mitmproxy/addons/modifyheaders.py,.home.xxm.Desktop.EMSE.dataset.mitmproxy.mitmproxy.addons.modifyheaders.parse_modify_sp,var,subject,None,74,    subject = strutils.escaped_str_to_bytes(subject)
/home/xxm/Desktop/EMSE/dataset/mitmproxy/mitmproxy/addons/modifyheaders.py,.home.xxm.Desktop.EMSE.dataset.mitmproxy.mitmproxy.addons.modifyheaders.parse_modify_sp,var,subject,str,65,"        subject, replacement = parts"
/home/xxm/Desktop/EMSE/dataset/mitmproxy/mitmproxy/addons/modifyheaders.py,.home.xxm.Desktop.EMSE.dataset.mitmproxy.mitmproxy.addons.modifyheaders.parse_modify_spec,var,flow_filter,? -> ?,64,        flow_filter = _match_all
/home/xxm/Desktop/EMSE/dataset/mitmproxy/mitmproxy/addons/modifyheaders.py,.home.xxm.Desktop.EMSE.dataset.mitmproxy.mitmproxy.addons.modifyheaders.parse_modify_spec,var,flow_filter,None,68,        flow_filter = flowfilter.parse(flow_filter_pattern)  # type: ignore
/home/xxm/Desktop/EMSE/dataset/mitmproxy/mitmproxy/tools/console/consoleaddons.py,.home.xxm.Desktop.EMSE.dataset.mitmproxy.mitmproxy.tools.console.consoleaddons.ConsoleAddon.ed,var,focus_options,[?],389,        focus_options = []
/home/xxm/Desktop/EMSE/dataset/mitmproxy/mitmproxy/tools/console/consoleaddons.py,.home.xxm.Desktop.EMSE.dataset.mitmproxy.mitmproxy.tools.console.consoleaddons.ConsoleAddon.ed,var,focus_options,[str],392,"            focus_options = [""tcp-message""]"
/home/xxm/Desktop/EMSE/dataset/mitmproxy/mitmproxy/tools/console/consoleaddons.py,.home.xxm.Desktop.EMSE.dataset.mitmproxy.mitmproxy.tools.console.consoleaddons.ConsoleAddon.ed,var,focus_options,[str],394,            focus_options = [
/home/xxm/Desktop/EMSE/dataset/mitmproxy/mitmproxy/tools/console/commander/commander.py,.home.xxm.Desktop.EMSE.dataset.mitmproxy.mitmproxy.tools.console.commander.commander.CommandEdit.keypre,var,pos,int,182,"            pos = self.cbuf.text.find(' ', self.cbuf.cursor + 1)"
/home/xxm/Desktop/EMSE/dataset/mitmproxy/mitmproxy/tools/console/commander/commander.py,.home.xxm.Desktop.EMSE.dataset.mitmproxy.mitmproxy.tools.console.commander.commander.CommandEdit.keypre,var,pos,int,184,                pos = len(self.cbuf.text)
/home/xxm/Desktop/EMSE/dataset/mitmproxy/mitmproxy/tools/console/commander/commander.py,.home.xxm.Desktop.EMSE.dataset.mitmproxy.mitmproxy.tools.console.commander.commander.CommandEdit.keypre,var,pos,str,188,"            pos = self.cbuf.text.rfind(' ', 0, self.cbuf.cursor - 1)"
/home/xxm/Desktop/EMSE/dataset/mitmproxy/mitmproxy/tools/console/commander/commander.py,.home.xxm.Desktop.EMSE.dataset.mitmproxy.mitmproxy.tools.console.commander.commander.CommandBuffe,func,cursor,CommandBuffer -> int,58,    def cursor(self) -> int:
/home/xxm/Desktop/EMSE/dataset/mitmproxy/mitmproxy/tools/console/commander/commander.py,.home.xxm.Desktop.EMSE.dataset.mitmproxy.mitmproxy.tools.console.commander.commander.CommandBuffe,func,cursor,{? -> ? | int | str},62,"    def cursor(self, x) -> None:"
/home/xxm/Desktop/EMSE/dataset/mitmproxy/mitmproxy/tools/console/commander/commander.py,.home.xxm.Desktop.EMSE.dataset.mitmproxy.mitmproxy.tools.console.commander.commander.CommandEdit.keypress,var,new_text,None,195,"                new_text = f""{txt_before} {txt_after}"""
/home/xxm/Desktop/EMSE/dataset/mitmproxy/mitmproxy/tools/console/commander/commander.py,.home.xxm.Desktop.EMSE.dataset.mitmproxy.mitmproxy.tools.console.commander.commander.CommandEdit.keypress,var,new_text,str,190,                new_text = self.cbuf.text[self.cbuf.cursor:]
/home/xxm/Desktop/EMSE/dataset/mitmproxy/pathod/test.py,.home.xxm.Desktop.EMSE.dataset.mitmproxy.pathod.test.Daemon.expect_log,var,l,None,49,            l = self.log()
/home/xxm/Desktop/EMSE/dataset/mitmproxy/pathod/test.py,.home.xxm.Desktop.EMSE.dataset.mitmproxy.pathod.test.Daemon.expect_log,var,l,[?],46,        l = []
/home/xxm/Desktop/EMSE/dataset/mitmproxy/pathod/pathod.py,.home.xxm.Desktop.EMSE.dataset.mitmproxy.pathod.pathod.PathodHandler.handle_http_reques,var,clientcert,None,149,            clientcert = None
/home/xxm/Desktop/EMSE/dataset/mitmproxy/pathod/pathod.py,.home.xxm.Desktop.EMSE.dataset.mitmproxy.pathod.pathod.PathodHandler.handle_http_reques,var,clientcert,dict,151,                clientcert = dict(
/home/xxm/Desktop/EMSE/dataset/mitmproxy/pathod/pathod.py,.home.xxm.Desktop.EMSE.dataset.mitmproxy.pathod.pathod.SSLOptions.get_cert,var,name,None,66,            name = self.cn
/home/xxm/Desktop/EMSE/dataset/mitmproxy/pathod/pathod.py,.home.xxm.Desktop.EMSE.dataset.mitmproxy.pathod.pathod.SSLOptions.get_cert,var,name,str,68,            name = DEFAULT_CERT_DOMAIN
/home/xxm/Desktop/EMSE/dataset/mitmproxy/mitmproxy/tools/console/common.py,.home.xxm.Desktop.EMSE.dataset.mitmproxy.mitmproxy.tools.console.common.colorize_req,var,i_ext,{int | str},264,    i_ext = i_last_slash + i_ext if i_ext >= 0 else len(s)
/home/xxm/Desktop/EMSE/dataset/mitmproxy/mitmproxy/tools/console/common.py,.home.xxm.Desktop.EMSE.dataset.mitmproxy.mitmproxy.tools.console.common.colorize_req,var,i_ext,str,263,    i_ext = path[i_last_slash + 1:].rfind('.')
/home/xxm/Desktop/EMSE/dataset/mitmproxy/mitmproxy/tools/console/common.py,.home.xxm.Desktop.EMSE.dataset.mitmproxy.mitmproxy.tools.console.common.TruncatedText.rende,var,c_attr,"[(str, int)]",200,"            c_attr = (urwid.util.rle_subseg(attr, 0, len(visible_text.encode())) +"
/home/xxm/Desktop/EMSE/dataset/mitmproxy/mitmproxy/tools/console/common.py,.home.xxm.Desktop.EMSE.dataset.mitmproxy.mitmproxy.tools.console.common.TruncatedText.rende,var,c_attr,"{[(?, int)] | [(str, int)]}",205,            c_attr = c_attr[::-1]
/home/xxm/Desktop/EMSE/dataset/mitmproxy/mitmproxy/tools/console/common.py,.home.xxm.Desktop.EMSE.dataset.mitmproxy.mitmproxy.tools.console.common.TruncatedText.rende,var,c_attr,"[(?, int)]",195,                c_attr = attr
/home/xxm/Desktop/EMSE/dataset/mitmproxy/mitmproxy/tools/console/common.py,.home.xxm.Desktop.EMSE.dataset.mitmproxy.mitmproxy.tools.console.common.format_flow,var,duration,int,697,"                duration = max([f.response.timestamp_end - f.request.timestamp_start, 0])"
/home/xxm/Desktop/EMSE/dataset/mitmproxy/mitmproxy/tools/console/common.py,.home.xxm.Desktop.EMSE.dataset.mitmproxy.mitmproxy.tools.console.common.format_flow,var,duration,Flow -> None,668,            duration = f.messages[-1].timestamp - f.timestamp_start
/home/xxm/Desktop/EMSE/dataset/mitmproxy/mitmproxy/tools/console/common.py,.home.xxm.Desktop.EMSE.dataset.mitmproxy.mitmproxy.tools.console.common.format_flow,var,duration,None,670,            duration = None
/home/xxm/Desktop/EMSE/dataset/mitmproxy/mitmproxy/tools/console/common.py,.home.xxm.Desktop.EMSE.dataset.mitmproxy.mitmproxy.tools.console.common.format_flow,var,duration,None,699,                duration = None
/home/xxm/Desktop/EMSE/dataset/mitmproxy/mitmproxy/tools/console/common.py,.home.xxm.Desktop.EMSE.dataset.mitmproxy.mitmproxy.tools.console.common.format_flow,var,duration,None,706,            duration = None
/home/xxm/Desktop/EMSE/dataset/mitmproxy/mitmproxy/tools/console/common.py,.home.xxm.Desktop.EMSE.dataset.mitmproxy.mitmproxy.tools.console.common.format_flow,var,response_content_length,int,689,                response_content_length = len(f.response.raw_content)
/home/xxm/Desktop/EMSE/dataset/mitmproxy/mitmproxy/tools/console/common.py,.home.xxm.Desktop.EMSE.dataset.mitmproxy.mitmproxy.tools.console.common.format_flow,var,response_content_length,None,691,                response_content_length = None
/home/xxm/Desktop/EMSE/dataset/mitmproxy/mitmproxy/tools/console/common.py,.home.xxm.Desktop.EMSE.dataset.mitmproxy.mitmproxy.tools.console.common.format_flow,var,response_content_length,None,701,            response_content_length = None
/home/xxm/Desktop/EMSE/dataset/mitmproxy/mitmproxy/contentviews/__init__.py,.home.xxm.Desktop.EMSE.dataset.mitmproxy.mitmproxy.contentviews.get_message_content_view,var,enc,None,96,            enc = None
/home/xxm/Desktop/EMSE/dataset/mitmproxy/mitmproxy/contentviews/__init__.py,.home.xxm.Desktop.EMSE.dataset.mitmproxy.mitmproxy.contentviews.get_message_content_view,var,enc,str,89,"        enc = ""[cannot decode]"""
/home/xxm/Desktop/EMSE/dataset/mitmproxy/mitmproxy/contentviews/__init__.py,.home.xxm.Desktop.EMSE.dataset.mitmproxy.mitmproxy.contentviews.get_message_content_view,var,enc,str,92,"            enc = ""[decoded {}]"".format("
/home/xxm/Desktop/EMSE/dataset/mitmproxy/mitmproxy/contentviews/__init__.py,.home.xxm.Desktop.EMSE.dataset.mitmproxy.mitmproxy.contentviews.get_content_view,var,error,None,149,        error = None
/home/xxm/Desktop/EMSE/dataset/mitmproxy/mitmproxy/contentviews/__init__.py,.home.xxm.Desktop.EMSE.dataset.mitmproxy.mitmproxy.contentviews.get_content_view,var,error,str,156,"        error = ""{} Content viewer failed: \n{}"".format("
/home/xxm/Desktop/EMSE/dataset/mitmproxy/pathod/pathoc.py,.home.xxm.Desktop.EMSE.dataset.mitmproxy.pathod.pathoc.Pathoc.htt,var,resp,None,432,"            resp, req = None, None"
/home/xxm/Desktop/EMSE/dataset/mitmproxy/pathod/pathoc.py,.home.xxm.Desktop.EMSE.dataset.mitmproxy.pathod.pathoc.Pathoc.htt,var,resp,Response,450,"                resp = self.protocol.read_response(self.rfile, dummy_req)"
/home/xxm/Desktop/EMSE/dataset/mitmproxy/pathod/pathoc.py,.home.xxm.Desktop.EMSE.dataset.mitmproxy.pathod.pathoc.main,var,p,None,499,    p = None
/home/xxm/Desktop/EMSE/dataset/mitmproxy/pathod/pathoc.py,.home.xxm.Desktop.EMSE.dataset.mitmproxy.pathod.pathoc.main,var,p,Pathoc,523,            p = Pathoc(
/home/xxm/Desktop/EMSE/dataset/mitmproxy/mitmproxy/net/http/http2/utils.py,.home.xxm.Desktop.EMSE.dataset.mitmproxy.mitmproxy.net.http.http2.utils.parse_headers,var,port,int,33,        port = 443 if scheme == b'https' else 80
/home/xxm/Desktop/EMSE/dataset/mitmproxy/mitmproxy/net/http/http2/utils.py,.home.xxm.Desktop.EMSE.dataset.mitmproxy.mitmproxy.net.http.http2.utils.parse_headers,var,port,int,35,    port = int(port)
/home/xxm/Desktop/EMSE/dataset/mitmproxy/mitmproxy/net/http/http2/utils.py,.home.xxm.Desktop.EMSE.dataset.mitmproxy.mitmproxy.net.http.http2.utils.parse_headers,var,port,None,15,    port = None
/home/xxm/Desktop/EMSE/dataset/mitmproxy/mitmproxy/net/http/http2/utils.py,.home.xxm.Desktop.EMSE.dataset.mitmproxy.mitmproxy.net.http.http2.utils.parse_header,var,host,None,14,    host = None
/home/xxm/Desktop/EMSE/dataset/mitmproxy/mitmproxy/net/http/http2/utils.py,.home.xxm.Desktop.EMSE.dataset.mitmproxy.mitmproxy.net.http.http2.utils.parse_header,var,host,str,30,        host = b'localhost'
/home/xxm/Desktop/EMSE/dataset/mitmproxy/mitmproxy/tools/console/flowdetailview.py,.home.xxm.Desktop.EMSE.dataset.mitmproxy.mitmproxy.tools.console.flowdetailview.flowdetail,var,parts,"[(str, str)]",34,"        parts = [(str(k), repr(v)) for k, v in metadata.items()]"
/home/xxm/Desktop/EMSE/dataset/mitmproxy/mitmproxy/tools/console/flowdetailview.py,.home.xxm.Desktop.EMSE.dataset.mitmproxy.mitmproxy.tools.console.flowdetailview.flowdetail,var,parts,"[(str, str)]",40,        parts = [
/home/xxm/Desktop/EMSE/dataset/mitmproxy/mitmproxy/tools/console/flowdetailview.py,.home.xxm.Desktop.EMSE.dataset.mitmproxy.mitmproxy.tools.console.flowdetailview.flowdetail,var,parts,"[(str, str)]",57,            parts = [
/home/xxm/Desktop/EMSE/dataset/mitmproxy/mitmproxy/tools/console/flowdetailview.py,.home.xxm.Desktop.EMSE.dataset.mitmproxy.mitmproxy.tools.console.flowdetailview.flowdetail,var,parts,"[(str, str)]",121,    parts = []
/home/xxm/Desktop/EMSE/dataset/mitmproxy/mitmproxy/tools/console/flowdetailview.py,.home.xxm.Desktop.EMSE.dataset.mitmproxy.mitmproxy.tools.console.flowdetailview.flowdetail,var,parts,"{[(str, str)] | [(str, {? -> ? | str})]}",103,        parts = [
/home/xxm/Desktop/EMSE/dataset/mitmproxy/mitmproxy/tools/console/flowdetailview.py,.home.xxm.Desktop.EMSE.dataset.mitmproxy.mitmproxy.tools.console.flowdetailview.flowdetails,var,req,None,29,        req = None
/home/xxm/Desktop/EMSE/dataset/mitmproxy/mitmproxy/tools/console/flowdetailview.py,.home.xxm.Desktop.EMSE.dataset.mitmproxy.mitmproxy.tools.console.flowdetailview.flowdetails,var,req,Request,26,        req = flow.request
/home/xxm/Desktop/EMSE/dataset/mitmproxy/mitmproxy/proxy/protocol/tls.py,.home.xxm.Desktop.EMSE.dataset.mitmproxy.mitmproxy.proxy.protocol.tls.TlsLayer._establish_tls_with_server,var,alpn,None,408,            alpn = None
/home/xxm/Desktop/EMSE/dataset/mitmproxy/mitmproxy/proxy/protocol/tls.py,.home.xxm.Desktop.EMSE.dataset.mitmproxy.mitmproxy.proxy.protocol.tls.TlsLayer._establish_tls_with_server,var,alpn,[?],414,                    alpn = [
/home/xxm/Desktop/EMSE/dataset/mitmproxy/mitmproxy/proxy/protocol/tls.py,.home.xxm.Desktop.EMSE.dataset.mitmproxy.mitmproxy.proxy.protocol.tls.TlsLayer._establish_tls_with_server,var,alpn,[?],430,                alpn = [self.client_conn.get_alpn_proto_negotiated()]
/home/xxm/Desktop/EMSE/dataset/mitmproxy/mitmproxy/proxy/protocol/tls.py,.home.xxm.Desktop.EMSE.dataset.mitmproxy.mitmproxy.proxy.protocol.tls.TlsLayer._establish_tls_wit,var,ciphers_server,[str],437,                ciphers_server = []
/home/xxm/Desktop/EMSE/dataset/mitmproxy/mitmproxy/proxy/protocol/tls.py,.home.xxm.Desktop.EMSE.dataset.mitmproxy.mitmproxy.proxy.protocol.tls.TlsLayer._establish_tls_wit,var,ciphers_server,str,441,                ciphers_server = ':'.join(ciphers_server)
/home/xxm/Desktop/EMSE/dataset/mitmproxy/mitmproxy/connections.py,.home.xxm.Desktop.EMSE.dataset.mitmproxy.mitmproxy.connections.ServerConnection.establish_tls,var,client_cert,None,279,        client_cert = None
/home/xxm/Desktop/EMSE/dataset/mitmproxy/mitmproxy/connections.py,.home.xxm.Desktop.EMSE.dataset.mitmproxy.mitmproxy.connections.ServerConnection.establish_tls,var,client_cert,str,283,                client_cert = client_certs
/home/xxm/Desktop/EMSE/dataset/mitmproxy/mitmproxy/connections.py,.home.xxm.Desktop.EMSE.dataset.mitmproxy.mitmproxy.connections.ServerConnection.establish_tls,var,client_cert,str,290,                    client_cert = path
/home/xxm/Desktop/EMSE/dataset/mitmproxy/mitmproxy/tools/_main.py,.home.xxm.Desktop.EMSE.dataset.mitmproxy.mitmproxy.tools._main.run,var,server,ProxyServer,97,                server = proxy.server.ProxyServer(pconf)
/home/xxm/Desktop/EMSE/dataset/mitmproxy/mitmproxy/tools/_main.py,.home.xxm.Desktop.EMSE.dataset.mitmproxy.mitmproxy.tools._main.run,var,server,DummyServer,102,            server = proxy.server.DummyServer(pconf)
/home/xxm/Desktop/EMSE/dataset/mitmproxy/mitmproxy/net/websockets/frame.py,.home.xxm.Desktop.EMSE.dataset.mitmproxy.mitmproxy.net.websockets.frame.FrameHeader.from_fil,var,masking_key,None,176,            masking_key = None
/home/xxm/Desktop/EMSE/dataset/mitmproxy/mitmproxy/net/websockets/frame.py,.home.xxm.Desktop.EMSE.dataset.mitmproxy.mitmproxy.net.websockets.frame.FrameHeader.from_fil,var,masking_key,str,174,            masking_key = fp.safe_read(4)
/home/xxm/Desktop/EMSE/dataset/mitmproxy/mitmproxy/addons/clientplayback.py,.home.xxm.Desktop.EMSE.dataset.mitmproxy.mitmproxy.addons.clientplayback.RequestReplayThread.replay,var,server,ServerConnection,63,                    server = connections.ServerConnection(server_address)
/home/xxm/Desktop/EMSE/dataset/mitmproxy/mitmproxy/addons/clientplayback.py,.home.xxm.Desktop.EMSE.dataset.mitmproxy.mitmproxy.addons.clientplayback.RequestReplayThread.replay,var,server,ServerConnection,87,                    server = connections.ServerConnection(server_address)
/home/xxm/Desktop/EMSE/dataset/mitmproxy/mitmproxy/addons/clientplayback.py,.home.xxm.Desktop.EMSE.dataset.mitmproxy.mitmproxy.addons.clientplayback.RequestReplayThread.replay,var,server,None,50,        server = None
/home/xxm/Desktop/EMSE/dataset/mitmproxy/mitmproxy/proxy/server.py,.home.xxm.Desktop.EMSE.dataset.mitmproxy.mitmproxy.proxy.server.ConnectionHandler.hand,var,root_layer,None,117,        root_layer = None
/home/xxm/Desktop/EMSE/dataset/mitmproxy/mitmproxy/proxy/server.py,.home.xxm.Desktop.EMSE.dataset.mitmproxy.mitmproxy.proxy.server.ConnectionHandler.hand,var,root_layer,{HttpProxy | HttpUpstreamProxy | ReverseProxy | Socks5Proxy | TransparentProxy},119,            root_layer = self._create_root_layer()
/home/xxm/Desktop/EMSE/dataset/mitmproxy/mitmproxy/net/http/request.py,.home.xxm.Desktop.EMSE.dataset.mitmproxy.mitmproxy.net.http.request.RequestData.__init__,var,trailers,Headers,51,            trailers = nheaders.Headers(trailers)
/home/xxm/Desktop/EMSE/dataset/mitmproxy/mitmproxy/net/http/request.py,.home.xxm.Desktop.EMSE.dataset.mitmproxy.mitmproxy.net.http.request.RequestData.__init__,var,trailers,None,32,"        trailers=None,"
/home/xxm/Desktop/EMSE/dataset/mitmproxy/mitmproxy/net/http/request.py,.home.xxm.Desktop.EMSE.dataset.mitmproxy.mitmproxy.net.http.request.RequestData.__init__,var,headers,Headers,47,            headers = nheaders.Headers(headers)
/home/xxm/Desktop/EMSE/dataset/mitmproxy/mitmproxy/net/http/request.py,.home.xxm.Desktop.EMSE.dataset.mitmproxy.mitmproxy.net.http.request.RequestData.__init__,var,headers,(),30,"        headers=(),"
/home/xxm/Desktop/EMSE/dataset/mitmproxy/mitmproxy/net/http/request.py,.home.xxm.Desktop.EMSE.dataset.mitmproxy.mitmproxy.net.http.request.Requ,func,first_line_format,? -> ?,145,"    def first_line_format(self, first_line_format):"
/home/xxm/Desktop/EMSE/dataset/mitmproxy/mitmproxy/net/http/request.py,.home.xxm.Desktop.EMSE.dataset.mitmproxy.mitmproxy.net.http.request.Requ,func,first_line_format,Request -> None,136,    def first_line_format(self):
/home/xxm/Desktop/EMSE/dataset/mitmproxy/mitmproxy/net/http/request.py,.home.xxm.Desktop.EMSE.dataset.mitmproxy.mitmproxy.net.http.request.Requ,func,host_header,{? -> ? | str},238,    def host_header(self):
/home/xxm/Desktop/EMSE/dataset/mitmproxy/mitmproxy/net/http/request.py,.home.xxm.Desktop.EMSE.dataset.mitmproxy.mitmproxy.net.http.request.Requ,func,host_header,? -> ?,220,"    def host_header(self, val: Optional[str]) -> None:"
/home/xxm/Desktop/EMSE/dataset/mitmproxy/mitmproxy/net/http/request.py,.home.xxm.Desktop.EMSE.dataset.mitmproxy.mitmproxy.net.http.request.Requ,func,host_header,Request -> None,206,    def host_header(self) -> Optional[str]:
/home/xxm/Desktop/EMSE/dataset/mitmproxy/mitmproxy/net/http/request.py,.home.xxm.Desktop.EMSE.dataset.mitmproxy.mitmproxy.net.http.request.Requ,func,path_components,{? -> ? | [?] | [str]},376,"    def path_components(self, components):"
/home/xxm/Desktop/EMSE/dataset/mitmproxy/mitmproxy/net/http/request.py,.home.xxm.Desktop.EMSE.dataset.mitmproxy.mitmproxy.net.http.request.Requ,func,path_components,Request -> tuple,364,    def path_components(self):
/home/xxm/Desktop/EMSE/dataset/mitmproxy/mitmproxy/net/http/request.py,.home.xxm.Desktop.EMSE.dataset.mitmproxy.mitmproxy.net.http.request.Reque,func,host,{? -> ? | str},189,"    def host(self, host):"
/home/xxm/Desktop/EMSE/dataset/mitmproxy/mitmproxy/net/http/request.py,.home.xxm.Desktop.EMSE.dataset.mitmproxy.mitmproxy.net.http.request.Reque,func,host,Request -> str,173,    def host(self):
/home/xxm/Desktop/EMSE/dataset/mitmproxy/mitmproxy/net/http/request.py,.home.xxm.Desktop.EMSE.dataset.mitmproxy.mitmproxy.net.http.request.Reques,func,method,? -> ?,156,"    def method(self, method):"
/home/xxm/Desktop/EMSE/dataset/mitmproxy/mitmproxy/net/http/request.py,.home.xxm.Desktop.EMSE.dataset.mitmproxy.mitmproxy.net.http.request.Reques,func,method,Request -> None,149,    def method(self):
/home/xxm/Desktop/EMSE/dataset/mitmproxy/mitmproxy/net/http/request.py,.home.xxm.Desktop.EMSE.dataset.mitmproxy.mitmproxy.net.http.request.Reques,func,multipart_form,Request -> MultiDictView,462,    def multipart_form(self):
/home/xxm/Desktop/EMSE/dataset/mitmproxy/mitmproxy/net/http/request.py,.home.xxm.Desktop.EMSE.dataset.mitmproxy.mitmproxy.net.http.request.Reques,func,multipart_form,"{? -> ? | [(str, str)]}",476,"    def multipart_form(self, value):"
/home/xxm/Desktop/EMSE/dataset/mitmproxy/mitmproxy/net/http/request.py,.home.xxm.Desktop.EMSE.dataset.mitmproxy.mitmproxy.net.http.request.Reques,func,path,? -> ?,264,"    def path(self, path):"
/home/xxm/Desktop/EMSE/dataset/mitmproxy/mitmproxy/net/http/request.py,.home.xxm.Desktop.EMSE.dataset.mitmproxy.mitmproxy.net.http.request.Reques,func,path,Request -> None,253,    def path(self):
/home/xxm/Desktop/EMSE/dataset/mitmproxy/mitmproxy/net/http/request.py,.home.xxm.Desktop.EMSE.dataset.mitmproxy.mitmproxy.net.http.request.Reques,func,port,Request -> None,242,    def port(self):
/home/xxm/Desktop/EMSE/dataset/mitmproxy/mitmproxy/net/http/request.py,.home.xxm.Desktop.EMSE.dataset.mitmproxy.mitmproxy.net.http.request.Reques,func,port,{? -> ? | int},249,"    def port(self, port):"
/home/xxm/Desktop/EMSE/dataset/mitmproxy/mitmproxy/net/http/request.py,.home.xxm.Desktop.EMSE.dataset.mitmproxy.mitmproxy.net.http.request.Request,func,cookies,Request -> MultiDictView,348,    def cookies(self) -> multidict.MultiDictView:
/home/xxm/Desktop/EMSE/dataset/mitmproxy/mitmproxy/net/http/request.py,.home.xxm.Desktop.EMSE.dataset.mitmproxy.mitmproxy.net.http.request.Request,func,cookies,{? -> ? | [[str]]},360,"    def cookies(self, value):"
/home/xxm/Desktop/EMSE/dataset/mitmproxy/mitmproxy/net/http/request.py,.home.xxm.Desktop.EMSE.dataset.mitmproxy.mitmproxy.net.http.request.Request,func,url,{? -> ? | str},277,"    def url(self, url):"
/home/xxm/Desktop/EMSE/dataset/mitmproxy/mitmproxy/net/http/request.py,.home.xxm.Desktop.EMSE.dataset.mitmproxy.mitmproxy.net.http.request.Request,func,url,Request -> None,268,    def url(self):
/home/xxm/Desktop/EMSE/dataset/mitmproxy/mitmproxy/net/http/request.py,.home.xxm.Desktop.EMSE.dataset.mitmproxy.mitmproxy.net.http.request.Request,func,query,Request -> MultiDictView,327,    def query(self) -> multidict.MultiDictView:
/home/xxm/Desktop/EMSE/dataset/mitmproxy/mitmproxy/net/http/request.py,.home.xxm.Desktop.EMSE.dataset.mitmproxy.mitmproxy.net.http.request.Request,func,query,"{? -> ? | [(str, str)]}",337,"    def query(self, value):"
/home/xxm/Desktop/EMSE/dataset/mitmproxy/mitmproxy/net/http/request.py,.home.xxm.Desktop.EMSE.dataset.mitmproxy.mitmproxy.net.http.request.Request,func,scheme,{? -> ? | str},169,"    def scheme(self, scheme):"
/home/xxm/Desktop/EMSE/dataset/mitmproxy/mitmproxy/net/http/request.py,.home.xxm.Desktop.EMSE.dataset.mitmproxy.mitmproxy.net.http.request.Request,func,scheme,Request -> None,160,    def scheme(self):
/home/xxm/Desktop/EMSE/dataset/mitmproxy/mitmproxy/net/http/request.py,.home.xxm.Desktop.EMSE.dataset.mitmproxy.mitmproxy.net.http.request.Request,func,urlencoded_form,Request -> MultiDictView,431,    def urlencoded_form(self):
/home/xxm/Desktop/EMSE/dataset/mitmproxy/mitmproxy/net/http/request.py,.home.xxm.Desktop.EMSE.dataset.mitmproxy.mitmproxy.net.http.request.Request,func,urlencoded_form,"{? -> ? | [(str, str)]}",445,"    def urlencoded_form(self, value):"
/home/xxm/Desktop/EMSE/dataset/mitmproxy/mitmproxy/net/http/request.py,.home.xxm.Desktop.EMSE.dataset.mitmproxy.mitmproxy.net.http.request.Request._parse_host_heade,var,port,int,290,"                port = int(m.group(""port""))"
/home/xxm/Desktop/EMSE/dataset/mitmproxy/mitmproxy/net/http/request.py,.home.xxm.Desktop.EMSE.dataset.mitmproxy.mitmproxy.net.http.request.Request._parse_host_heade,var,port,None,285,        port = None
/home/xxm/Desktop/EMSE/dataset/mitmproxy/mitmproxy/proxy/root_context.py,.home.xxm.Desktop.EMSE.dataset.mitmproxy.mitmproxy.proxy.root_context.RootContext.lo,var,full_msg,[str],125,        full_msg = [
/home/xxm/Desktop/EMSE/dataset/mitmproxy/mitmproxy/proxy/root_context.py,.home.xxm.Desktop.EMSE.dataset.mitmproxy.mitmproxy.proxy.root_context.RootContext.lo,var,full_msg,str,130,"        full_msg = ""\n"".join(full_msg)"
/home/xxm/Desktop/EMSE/dataset/mitmproxy/test/mitmproxy/proxy/protocol/test_websocket.py,.home.xxm.Desktop.EMSE.dataset.mitmproxy.test.mitmproxy.proxy.protocol.test_websocket.TestStreaming.test_streaming,var,frame,None,411,        frame = None
/home/xxm/Desktop/EMSE/dataset/mitmproxy/test/mitmproxy/proxy/protocol/test_websocket.py,.home.xxm.Desktop.EMSE.dataset.mitmproxy.test.mitmproxy.proxy.protocol.test_websocket.TestStreaming.test_streaming,var,frame,Frame,414,                frame = websockets.Frame.from_file(self.client.rfile)
/home/xxm/Desktop/EMSE/dataset/mitmproxy/test/mitmproxy/proxy/protocol/test_websocket.py,.home.xxm.Desktop.EMSE.dataset.mitmproxy.test.mitmproxy.proxy.protocol.test_websocket.TestStreaming.test_streaming,var,frame,Frame,418,            frame = websockets.Frame.from_file(self.client.rfile)
/home/xxm/Desktop/EMSE/dataset/mitmproxy/mitmproxy/tools/web/app.py,.home.xxm.Desktop.EMSE.dataset.mitmproxy.mitmproxy.tools.web.app.ResumeFlow,func,post,ResumeFlows -> None,258,    def post(self):
/home/xxm/Desktop/EMSE/dataset/mitmproxy/mitmproxy/tools/web/app.py,.home.xxm.Desktop.EMSE.dataset.mitmproxy.mitmproxy.tools.web.app.ResumeFlow,func,post,"(ResumeFlow, ?) -> None",273,"    def post(self, flow_id):"
/home/xxm/Desktop/EMSE/dataset/mitmproxy/mitmproxy/tools/web/app.py,.home.xxm.Desktop.EMSE.dataset.mitmproxy.mitmproxy.tools.web.app.KillFlow,func,post,"(KillFlow, ?) -> None",279,"    def post(self, flow_id):"
/home/xxm/Desktop/EMSE/dataset/mitmproxy/mitmproxy/tools/web/app.py,.home.xxm.Desktop.EMSE.dataset.mitmproxy.mitmproxy.tools.web.app.KillFlow,func,post,KillFlows -> None,265,    def post(self):
/home/xxm/Desktop/EMSE/dataset/mitmproxy/mitmproxy/tools/web/app.py,.home.xxm.Desktop.EMSE.dataset.mitmproxy.mitmproxy.tools.web.app.flow_to_js,var,content_length,int,58,                content_length = len(flow.request.raw_content)
/home/xxm/Desktop/EMSE/dataset/mitmproxy/mitmproxy/tools/web/app.py,.home.xxm.Desktop.EMSE.dataset.mitmproxy.mitmproxy.tools.web.app.flow_to_js,var,content_length,int,80,                content_length = len(flow.response.raw_content)
/home/xxm/Desktop/EMSE/dataset/mitmproxy/mitmproxy/tools/web/app.py,.home.xxm.Desktop.EMSE.dataset.mitmproxy.mitmproxy.tools.web.app.flow_to_js,var,content_length,None,61,                content_length = None
/home/xxm/Desktop/EMSE/dataset/mitmproxy/mitmproxy/tools/web/app.py,.home.xxm.Desktop.EMSE.dataset.mitmproxy.mitmproxy.tools.web.app.flow_to_js,var,content_length,None,83,                content_length = None
/home/xxm/Desktop/EMSE/dataset/mitmproxy/mitmproxy/tools/console/grideditor/base.py,.home.xxm.Desktop.EMSE.dataset.mitmproxy.mitmproxy.tools.console.grideditor.base.read_file,var,d,None,23,            d = strutils.escaped_str_to_bytes(d)
/home/xxm/Desktop/EMSE/dataset/mitmproxy/mitmproxy/tools/console/grideditor/base.py,.home.xxm.Desktop.EMSE.dataset.mitmproxy.mitmproxy.tools.console.grideditor.base.read_file,var,d,str,18,            d = f.read()
/home/xxm/Desktop/EMSE/dataset/mitmproxy/mitmproxy/io/compat.py,.home.xxm.Desktop.EMSE.dataset.mitmproxy.mitmproxy.io.compat.convert_4_5,var,server_conn_key,"(list, list)",140,    server_conn_key = (
/home/xxm/Desktop/EMSE/dataset/mitmproxy/mitmproxy/io/compat.py,.home.xxm.Desktop.EMSE.dataset.mitmproxy.mitmproxy.io.compat.convert_4_5,var,server_conn_key,"(?, ?)",148,        server_conn_key = (
/home/xxm/Desktop/EMSE/dataset/mitmproxy/test/pathod/tservers.py,.home.xxm.Desktop.EMSE.dataset.mitmproxy.test.pathod.tservers.DaemonTests.pathoc,var,ssl,None,116,"        ssl=None,"
/home/xxm/Desktop/EMSE/dataset/mitmproxy/test/pathod/tservers.py,.home.xxm.Desktop.EMSE.dataset.mitmproxy.test.pathod.tservers.DaemonTests.pathoc,var,ssl,bool,124,            ssl = self.ssl
/home/xxm/Desktop/EMSE/dataset/mitmproxy/pathod/language/message.py,.home.xxm.Desktop.EMSE.dataset.mitmproxy.pathod.language.message.Message.log,var,v,[?],87,                v = [x[:LOG_TRUNCATE] for x in v.values(settings)]
/home/xxm/Desktop/EMSE/dataset/mitmproxy/pathod/language/message.py,.home.xxm.Desktop.EMSE.dataset.mitmproxy.pathod.language.message.Message.log,var,v,str,88,"                v = strutils.bytes_to_escaped_str(b"""".join(v))"
/home/xxm/Desktop/EMSE/dataset/mitmproxy/pathod/language/message.py,.home.xxm.Desktop.EMSE.dataset.mitmproxy.pathod.language.message.Message.log,var,v,str,91,                v = strutils.bytes_to_escaped_str(v)
/home/xxm/Desktop/EMSE/dataset/mitmproxy/mitmproxy/certs.py,.home.xxm.Desktop.EMSE.dataset.mitmproxy.mitmproxy.certs.dummy_cert,var,ss,[str],95,    ss = []
/home/xxm/Desktop/EMSE/dataset/mitmproxy/mitmproxy/certs.py,.home.xxm.Desktop.EMSE.dataset.mitmproxy.mitmproxy.certs.dummy_cert,var,ss,str,103,"    ss = b"", "".join(ss)"
/home/xxm/Desktop/EMSE/dataset/mitmproxy/test/mitmproxy/tservers.py,.home.xxm.Desktop.EMSE.dataset.mitmproxy.test.mitmproxy.tservers.HTTPProxyTest.path,var,conn,None,217,            conn = None
/home/xxm/Desktop/EMSE/dataset/mitmproxy/test/mitmproxy/tservers.py,.home.xxm.Desktop.EMSE.dataset.mitmproxy.test.mitmproxy.tservers.HTTPProxyTest.path,var,conn,"(str, ?)",215,"            conn = (""127.0.0.1"", self.server.port)"
/home/xxm/Desktop/EMSE/dataset/mitmproxy/test/mitmproxy/tservers.py,.home.xxm.Desktop.EMSE.dataset.mitmproxy.test.mitmproxy.tservers.HTTPProxyTest.a,var,p,LazyPathoc,243,            p = self.pathoc()
/home/xxm/Desktop/EMSE/dataset/mitmproxy/test/mitmproxy/tservers.py,.home.xxm.Desktop.EMSE.dataset.mitmproxy.test.mitmproxy.tservers.HTTPProxyTest.a,var,p,Pathoc,237,            p = pathod.pathoc.Pathoc(
/home/xxm/Desktop/EMSE/dataset/mitmproxy/mitmproxy/command.py,.home.xxm.Desktop.EMSE.dataset.mitmproxy.mitmproxy.command.Command.signature_help,var,ret,None,95,"            ret = f"" -> {typename(self.return_type)}"""
/home/xxm/Desktop/EMSE/dataset/mitmproxy/mitmproxy/command.py,.home.xxm.Desktop.EMSE.dataset.mitmproxy.mitmproxy.command.Command.signature_help,var,ret,str,97,"            ret = """""
/home/xxm/Desktop/EMSE/dataset/mitmproxy/mitmproxy/contentviews/xml_html.py,.home.xxm.Desktop.EMSE.dataset.mitmproxy.mitmproxy.contentviews.xml_html.tokeniz,var,token,Text,112,"                token = Text("""")"
/home/xxm/Desktop/EMSE/dataset/mitmproxy/mitmproxy/contentviews/xml_html.py,.home.xxm.Desktop.EMSE.dataset.mitmproxy.mitmproxy.contentviews.xml_html.tokeniz,var,token,Tag,107,"            token = Tag("""")"
/home/xxm/Desktop/EMSE/dataset/mitmproxy/mitmproxy/proxy/protocol/http2.py,.home.xxm.Desktop.EMSE.dataset.mitmproxy.mitmproxy.proxy.protocol.http2.Http2SingleStreamLayer,func,queued_data_length,? -> ?,468,"    def queued_data_length(self, v):"
/home/xxm/Desktop/EMSE/dataset/mitmproxy/mitmproxy/proxy/protocol/http2.py,.home.xxm.Desktop.EMSE.dataset.mitmproxy.mitmproxy.proxy.protocol.http2.Http2SingleStreamLayer,func,queued_data_length,Http2SingleStreamLayer -> int,461,    def queued_data_length(self):
/home/xxm/Desktop/EMSE/dataset/mitmproxy/mitmproxy/proxy/protocol/http2.py,.home.xxm.Desktop.EMSE.dataset.mitmproxy.mitmproxy.proxy.protocol.http2.Http2SingleStreamLay,func,trailers,? -> ?,488,"    def trailers(self, v):"
/home/xxm/Desktop/EMSE/dataset/mitmproxy/mitmproxy/proxy/protocol/http2.py,.home.xxm.Desktop.EMSE.dataset.mitmproxy.mitmproxy.proxy.protocol.http2.Http2SingleStreamLay,func,trailers,Http2SingleStreamLayer -> ?,481,    def trailers(self):
